role,player_id,player_name,challenge_team_abbr,missed_opportunities,missed_xwpa,missed_xwpa_per_opportunity,missed_wpa_if_overturned,avg_missed_overturn_probability,avg_zone_distance_inches,missed_batting_xwpa,missed_fielding_xwpa
hitter,690976,Alex Freeland,LAD,3,0.13296620437867285,0.04432206812622428,0.1779584273130547,0.824508724269153,1.9650937497560248,0.13296620437867285,0
pitcher,676684,Will Vest,DET,4,0.1255340785228748,0.0313835196307187,0.17888745967449088,0.7483886286792522,1.6085488519334086,0,0.1255340785228748
hitter,669364,Xavier Edwards,MIA,5,0.12214447246009023,0.024428894492018047,0.27691728874112786,0.5463484799392677,0.8900755228995682,0.12214447246009023,0
hitter,694497,Evan Carter,TEX,5,0.1214078687205491,0.02428157374410982,0.27963925149005914,0.5003330776533418,0.7589847425695295,0.1214078687205491,0
hitter,666969,Adolis García,PHI,3,0.11578815167700239,0.0385960505590008,0.1586668839023317,0.7728590426580887,1.9551479456667569,0.11578815167700239,0
pitcher,689147,Orion Kerkering,PHI,1,0.11424014307088058,0.11424014307088058,0.21680830641907234,0.5503532293131087,0.901573490024278,0,0.11424014307088058
hitter,668715,Spencer Steer,CIN,4,0.11234094856195166,0.028085237140487915,0.152391531710372,0.6876059757641954,1.479639282678344,0.11234094856195166,0
hitter,650402,Gleyber Torres,DET,6,0.1116849247275773,0.018614154121262882,0.24972098351466027,0.6701728586561884,1.5176415131430163,0.1116849247275773,0
pitcher,519141,Drew Pomeranz,LAA,3,0.10965558916601884,0.03655186305533961,0.18260053218043626,0.6325369122950281,1.1772900452762194,0,0.10965558916601884
pitcher,680736,Justin Wrobleski,LAD,8,0.10573942056221508,0.013217427570276885,0.17446311563013017,0.7493815835913508,1.5989268146707873,0,0.10573942056221508
pitcher,664353,José Urquidy,PIT,2,0.10112794543367148,0.05056397271683574,0.12493708855757024,0.8721565953436128,2.3951619656514467,0,0.10112794543367148
pitcher,622608,Antonio Senzatela,COL,3,0.09020054266314273,0.03006684755438091,0.11562459217252619,0.847654957647475,2.2689963877909536,0,0.09020054266314273
hitter,695734,Daylen Lile,WSH,4,0.08993062717696425,0.022482656794241062,0.15478156875858878,0.7649127253398291,1.943821305644596,0.08993062717696425,0
hitter,663728,Cal Raleigh,SEA,3,0.08927403688825998,0.02975801229608666,0.1678462119955402,0.6356590949693335,1.544663991786627,0.08927403688825998,0
pitcher,690986,Kyle Harrison,MIL,6,0.08811269091070728,0.01468544848511788,0.13859105992396686,0.7336026337147371,1.6436817123770389,0,0.08811269091070728
pitcher,650911,Cristopher Sánchez,PHI,6,0.08583873303130696,0.014306455505217827,0.1841949610637395,0.690743381079925,1.6264900887760032,0,0.08583873303130696
hitter,680728,Adrian Del Castillo,AZ,3,0.08396989285823032,0.027989964286076776,0.12011642358448482,0.8284503724172145,2.832771241393696,0.08396989285823032,0
pitcher,656302,Dylan Cease,TOR,4,0.08259583652933235,0.020648959132333087,0.13124491083219214,0.714128794407678,1.4713007820755735,0,0.08259583652933235
pitcher,601713,Nick Pivetta,SD,6,0.0822012112777273,0.013700201879621217,0.1388479507756777,0.7805436269069407,1.7741828815180554,0,0.0822012112777273
pitcher,663687,Hogan Harris,ATH,3,0.0820778348176196,0.027359278272539866,0.2735289512391312,0.41650558753597583,0.48999839560850456,0,0.0820778348176196
pitcher,693821,Bryce Elder,ATL,5,0.07970188562888157,0.015940377125776315,0.114104106289797,0.8679804294305107,2.476127027558799,0,0.07970188562888157
hitter,672960,Kazuma Okamoto,TOR,4,0.07749287523702075,0.019373218809255188,0.11118207009555703,0.7796323278095283,1.826681658072723,0.07749287523702075,0
pitcher,669461,Matthew Liberatore,STL,6,0.07700449993704614,0.012834083322841023,0.16933911616969316,0.6781901546399195,1.3627119174124533,0,0.07700449993704614
hitter,668804,Bryan Reynolds,PIT,4,0.07591159710761547,0.018977899276903867,0.09744577880942164,0.8586646178630387,2.3050736912675216,0.07591159710761547,0
pitcher,668909,Gavin Williams,CLE,5,0.07454774122398385,0.01490954824479677,0.12994532854000324,0.7426989444011446,1.671365408016752,0,0.07454774122398385
hitter,669257,Will Smith,LAD,4,0.07306017276795373,0.018265043191988434,0.10958016617749142,0.7692602614187745,1.76296573347287,0.07306017276795373,0
pitcher,682227,Brandon Williamson,CIN,8,0.07244895904230722,0.009056119880288403,0.1693050465968853,0.7435581434836623,1.6579421256400069,0,0.07244895904230722
hitter,671056,Iván Herrera,STL,5,0.07228026813828238,0.014456053627656475,0.1264073865699503,0.6633778375070227,1.375464763469975,0.07228026813828238,0
pitcher,666142,Cole Ragans,KC,8,0.07189529570829013,0.008986911963536267,0.14653036784044782,0.694769820190051,1.492629821044239,0,0.07189529570829013
pitcher,677161,Zack Kelly,BOS,6,0.07147395027557683,0.011912325045929472,0.1869964661821455,0.706730546048461,1.9129420999514695,0,0.07147395027557683
hitter,665487,Fernando Tatis Jr.,SD,4,0.0691913833968633,0.017297845849215825,0.12499815390665173,0.6750073464205,1.3462471187786158,0.0691913833968633,0
hitter,687637,Dylan Beavers,BAL,3,0.06917734575658542,0.02305911525219514,0.147572905640455,0.6570358791164802,1.3433710803424113,0.06917734575658542,0
hitter,680574,Matt McLain,CIN,7,0.06759686743930014,0.00965669534847145,0.15690213727231928,0.7202142067813603,1.6172135266313978,0.06759686743930014,0
hitter,660670,Ronald Acuña Jr.,ATL,9,0.06706276680332904,0.007451418533703226,0.17314290487927433,0.7339662361241636,1.9463864388114611,0.06706276680332904,0
hitter,660844,Leo Rivas,SEA,6,0.06588204346376086,0.010980340577293477,0.1517100402879144,0.6271496260682464,1.1810801203140278,0.06588204346376086,0
pitcher,607259,Nick Martinez,TB,3,0.06574224311581542,0.02191408103860514,0.07894689671365585,0.8722199279784507,2.2314110221433294,0,0.06574224311581542
pitcher,676974,Max Meyer,MIA,7,0.06533940773799086,0.009334201105427266,0.1385044933749761,0.663207811900338,1.3369359559845206,0,0.06533940773799086
pitcher,642547,Freddy Peralta,NYM,5,0.0652426112091162,0.01304852224182324,0.09356944148375046,0.8162019602689682,2.0847919125542163,0,0.0652426112091162
hitter,686217,Sal Frelick,MIL,4,0.0640372192481942,0.01600930481204855,0.1054501012919968,0.70315783686919,1.4570836124163227,0.0640372192481942,0
pitcher,667755,José Soriano,LAA,7,0.06332187491623198,0.009045982130890282,0.14000203009203044,0.7027760691529453,1.4726619936904046,0,0.06332187491623198
pitcher,678906,Kai-Wei Teng,HOU,3,0.061935230084912925,0.020645076694970975,0.13814710925746398,0.6082621250508574,1.0839049885442131,0,0.061935230084912925
pitcher,677952,Braxton Ashcraft,PIT,5,0.06135120203775851,0.012270240407551702,0.11742390330560887,0.6783842684952999,1.6455968811662154,0,0.06135120203775851
pitcher,650633,Michael King,SD,7,0.060940096258726054,0.008705728036960864,0.16800544257390287,0.6210546542980471,1.2787848616631674,0,0.060940096258726054
hitter,805367,Chase Meidroth,CWS,7,0.06047143110770384,0.00863877587252912,0.13319525339639854,0.6841089766534267,1.4406594299394637,0.06047143110770384,0
pitcher,607067,Colin Rea,CHC,4,0.06009039625562963,0.015022599063907408,0.12843041210095246,0.6676187161644991,1.353832375286118,0,0.06009039625562963
hitter,666018,Jonathan Aranda,TB,3,0.05988939908940534,0.01996313302980178,0.12467391065710992,0.6803961075290298,1.4123281107542056,0.05988939908940534,0
pitcher,681190,Randy Vásquez,SD,8,0.05828349428602689,0.007285436785753361,0.14682806015311928,0.7061230558806244,1.7696183882751608,0,0.05828349428602689
hitter,545361,Mike Trout,LAA,9,0.05804903559563349,0.006449892843959277,0.11813340581468937,0.7793717980739738,1.8985361940762004,0.05804903559563349,0
pitcher,621381,Matt Strahm,KC,1,0.0576752114872531,0.0576752114872531,0.2407152652955996,0.30486349280637254,0.1318169042585584,0,0.0576752114872531
pitcher,682052,Jacob Lopez,ATH,9,0.057438636706348176,0.006382070745149797,0.1066632511248918,0.778440423445615,1.827125171490599,0,0.057438636706348176
pitcher,622663,Luis Severino,ATH,6,0.057114662081344615,0.009519110346890769,0.0786212046005785,0.8790047235376576,2.4233812853620926,0,0.057114662081344615
hitter,673237,Yainer Diaz,HOU,2,0.056667767994888686,0.028333883997444343,0.10220422271814444,0.6815972847252647,1.3241757294035787,0.056667767994888686,0
pitcher,669923,George Kirby,SEA,5,0.056549902199085525,0.011309980439817105,0.13064853030453039,0.7497075584789787,1.7045192972438563,0,0.056549902199085525
pitcher,579328,Yusei Kikuchi,LAA,6,0.05569469550720349,0.009282449251200581,0.1433765389876177,0.6117957460462844,1.1067624890242893,0,0.05569469550720349
pitcher,669022,MacKenzie Gore,TEX,6,0.05509173972201968,0.009181956620336613,0.14582388115799155,0.6195335928539228,1.2085094957115494,0,0.05509173972201968
hitter,678489,Jorge Barrosa,AZ,7,0.05441444693472583,0.007773492419246547,0.10490441149663735,0.7394291937496129,1.8458764217065249,0.05441444693472583,0
pitcher,663460,Kris Bubic,KC,3,0.053951537638704014,0.017983845879568004,0.10866736220939616,0.5792240968863454,1.0855466400580163,0,0.053951537638704014
hitter,670770,TJ Friedl,CIN,3,0.0537167926768249,0.017905597558941635,0.09391211941423247,0.7026246847593461,1.5175566621490564,0.0537167926768249,0
pitcher,686799,Jack Kochanowicz,LAA,8,0.05209098404644732,0.006511373005805915,0.11095534678505942,0.7512002099243886,1.6517564761288084,0,0.05209098404644732
pitcher,593958,Eduardo Rodriguez,AZ,6,0.051965103594819574,0.008660850599136596,0.14125355648270627,0.6084273358129583,1.1368611769116188,0,0.051965103594819574
pitcher,808967,Yoshinobu Yamamoto,LAD,7,0.05062894701084924,0.007232706715835605,0.14945735258714132,0.6501203107364261,1.3021409099629884,0,0.05062894701084924
pitcher,681293,Spencer Arrighetti,HOU,3,0.049934145088783036,0.016644715029594345,0.15687055796906024,0.5050214093396425,0.7839169393208092,0,0.049934145088783036
pitcher,676477,Garrett Whitlock,BOS,2,0.048776889945589735,0.024388444972794868,0.08127446239141622,0.6593089699915402,1.3405866939192097,0,0.048776889945589735
pitcher,571945,Miles Mikolas,WSH,5,0.04859906407417221,0.00971981281483444,0.08725150556659092,0.8130885899444611,2.1811245122644034,0,0.04859906407417221
hitter,676391,Ernie Clement,TOR,4,0.04845838772865074,0.012114596932162686,0.1119754926694658,0.6595735895586657,1.2585411010778462,0.04845838772865074,0
pitcher,641743,Anthony Kay,CWS,6,0.04834857246828104,0.008058095411380172,0.13859262710002146,0.6369289124204472,1.3606299600949612,0,0.04834857246828104
pitcher,690997,Nolan McLean,NYM,4,0.047686088178385266,0.011921522044596317,0.1005344301139619,0.7426662249348621,1.9374708821680247,0,0.047686088178385266
pitcher,663436,Davis Martin,CWS,7,0.047575294094167005,0.006796470584881001,0.10974257558183698,0.7397007873831373,1.6834715493804004,0,0.047575294094167005
hitter,691026,Masyn Winn,STL,6,0.047495905711042834,0.007915984285173806,0.12113728226580167,0.6795595908974678,1.5725775104421587,0.047495905711042834,0
hitter,650859,Luis Rengifo,MIL,2,0.04694029171605395,0.023470145858026974,0.06514873473831084,0.7903136884394464,2.16560090830108,0.04694029171605395,0
hitter,805300,Jakob Marsee,MIA,3,0.04654991263951073,0.015516637546503577,0.12109592316965628,0.6191355064151626,1.2566272904545346,0.04654991263951073,0
pitcher,691725,Andrew Painter,PHI,6,0.046035296823815415,0.0076725494706359025,0.0951292988304378,0.7382542442458168,1.7713879609989318,0,0.046035296823815415
hitter,519317,Giancarlo Stanton,NYY,1,0.045756623623998134,0.045756623623998134,0.08380635448153459,0.6424111037077257,1.1893833412712338,0.045756623623998134,0
pitcher,663574,Tony Santillan,CIN,4,0.04514301865852319,0.011285754664630797,0.14322675938003082,0.5043636244065481,0.7631190298080419,0,0.04514301865852319
hitter,662139,Daulton Varsho,TOR,7,0.04475235713482877,0.00639319387640411,0.08753913946679237,0.7912683213698986,2.310956574164327,0.04475235713482877,0
pitcher,656492,Foster Griffin,WSH,7,0.0445198880903943,0.006359984012913471,0.09957257860696045,0.6916018413135312,1.3815792205997393,0,0.0445198880903943
hitter,672640,Otto Lopez,MIA,1,0.04439012846169352,0.04439012846169352,0.051074697248613465,0.8928320443740744,2.3400009003211117,0.04439012846169352,0
pitcher,625643,Reynaldo López,ATL,3,0.04415194310564611,0.014717314368548702,0.11503470250271025,0.5775496906103498,1.0020436867893103,0,0.04415194310564611
pitcher,683000,Riley Cornelio,WSH,1,0.043987058364146715,0.043987058364146715,0.0886662475068637,0.5984479557472193,1.0492518104061963,0,0.043987058364146715
pitcher,607625,Seth Lugo,KC,5,0.04308985648459139,0.008617971296918278,0.11239098203238007,0.6043437447775373,1.0946308881044653,0,0.04308985648459139
pitcher,656546,Jeff Hoffman,TOR,3,0.043001809100934416,0.014333936366978139,0.10556819149323404,0.6685754957573301,1.3204960034449127,0,0.043001809100934416
hitter,701762,Nick Kurtz,ATH,6,0.04277846560572341,0.007129744267620568,0.1193860672949216,0.6404686475352551,1.2344856912315039,0.04277846560572341,0
hitter,671289,Tyler Freeman,COL,3,0.042350447582131495,0.014116815860710499,0.14084213667441142,0.556592200550272,0.9292262568380498,0.042350447582131495,0
hitter,663993,Nathaniel Lowe,CIN,5,0.042287667935396366,0.008457533587079274,0.09316338671674405,0.6489789810111077,1.3759846174398265,0.042287667935396366,0
hitter,608369,Corey Seager,TEX,2,0.0421230581277179,0.02106152906385895,0.051737642280177965,0.849435587331753,2.421962529931222,0.0421230581277179,0
hitter,621439,Byron Buxton,MIN,2,0.04199550753983814,0.02099775376991907,0.0464302297846782,0.936828536379438,2.774354544186717,0.04199550753983814,0
pitcher,670970,Adrian Morejon,SD,2,0.041228395238488244,0.020614197619244122,0.06147400731382102,0.815520846564135,2.4172123348968686,0,0.041228395238488244
pitcher,607536,Kyle Freeland,COL,3,0.04097605937295656,0.013658686457652185,0.13689382132732775,0.6001978956198358,1.145832943049526,0,0.04097605937295656
pitcher,656641,Jacob Latz,TEX,1,0.04091231984436967,0.04091231984436967,0.12207721342664712,0.39146356789861,0.4191267530644396,0,0.04091231984436967
pitcher,813349,Connelly Early,BOS,4,0.04076520042777084,0.01019130010694271,0.06816028993940176,0.776496974589485,1.7229755176814257,0,0.04076520042777084
pitcher,700241,Michael McGreevy,STL,6,0.03978796610713665,0.006631327684522775,0.10486904726054522,0.6882710802408392,1.464173373492952,0,0.03978796610713665
hitter,621493,Taylor Ward,BAL,6,0.039502445637018144,0.006583740939503024,0.07814314619129481,0.8218186793384769,2.3730445365103963,0.039502445637018144,0
pitcher,800048,Parker Messick,CLE,4,0.03926990943551216,0.00981747735887804,0.08701187418179579,0.6472425018109179,1.2622321377472492,0,0.03926990943551216
hitter,691781,Brady House,WSH,3,0.0391262856971319,0.0130420952323773,0.06250220030629566,0.8066165661209602,1.8961458124065693,0.0391262856971319,0
hitter,650333,Luis Arraez,SF,5,0.0390426431751732,0.00780852863503464,0.06878729733594172,0.7722808254581286,2.0824070092195255,0.0390426431751732,0
pitcher,669372,J.T. Ginn,ATH,2,0.038542401092908796,0.019271200546454398,0.07544983855518733,0.6136543068134135,1.104503427016794,0,0.038542401092908796
hitter,608701,Rob Refsnyder,SEA,4,0.03794345604394844,0.00948586401098711,0.08922110604212874,0.6972249239206394,1.663005266498435,0.03794345604394844,0
pitcher,543135,Nathan Eovaldi,TEX,5,0.037925105557387845,0.007585021111477569,0.09852838561184413,0.6764940484905432,1.387208877807878,0,0.037925105557387845
pitcher,686218,Emmet Sheehan,LAD,5,0.03783911532078939,0.007567823064157877,0.10934804131102754,0.5845483065518086,1.0217391312166328,0,0.03783911532078939
hitter,691777,Max Muncy,ATH,2,0.037253890036713554,0.018626945018356777,0.04880444947981377,0.8163373625165624,2.0474323675827604,0.037253890036713554,0
hitter,669477,Casey Schmitt,SF,4,0.03704849231579967,0.009262123078949918,0.10583233813691859,0.6048723058914035,1.1042171725227785,0.03704849231579967,0
pitcher,594798,Jacob deGrom,TEX,6,0.03611835380242376,0.006019725633737293,0.1114008230183593,0.6478095743905494,1.3660146612300712,0,0.03611835380242376
hitter,665877,José Fermín,STL,2,0.03607099913679879,0.018035499568399393,0.04296045048851732,0.8928829632503543,2.42634364938059,0.03607099913679879,0
pitcher,605488,Jeffrey Springs,ATH,7,0.03571922200489381,0.005102746000699115,0.10999509548876735,0.6762079861438143,1.3510969961297046,0,0.03571922200489381
hitter,656775,Cedric Mullins,TB,2,0.03562544710190842,0.01781272355095421,0.0548768369520089,0.6971716134574891,2.3451538902213156,0.03562544710190842,0
hitter,669004,MJ Melendez,NYM,2,0.03560069548988999,0.017800347744944996,0.07335073602460074,0.6091283616848973,1.0833176173447143,0.03560069548988999,0
pitcher,678394,Brayan Bello,BOS,3,0.03559628768563142,0.011865429228543806,0.09490109784329948,0.5679697299356762,0.961528623436279,0,0.03559628768563142
pitcher,669432,Trevor Rogers,BAL,3,0.035533253986269386,0.011844417995423129,0.05474848208675759,0.8371842176910814,2.128673827729604,0,0.035533253986269386
hitter,672275,Patrick Bailey,SF,5,0.03541173591240864,0.007082347182481729,0.11622051403098888,0.551270136445205,0.9100787192994083,0.03541173591240864,0
pitcher,702273,Noah Schultz,CWS,2,0.03502454378897251,0.017512271894486255,0.0552144149419308,0.7348805101519642,1.5305493529788483,0,0.03502454378897251
hitter,680757,Steven Kwan,CLE,6,0.03493133145040676,0.005821888575067794,0.1351499797228262,0.6306641666856762,1.211060939865365,0.03493133145040676,0
hitter,663586,Austin Riley,ATL,2,0.03489169506284683,0.017445847531423416,0.04460764903182135,0.8433109020615988,2.054257724532089,0.03489169506284683,0
pitcher,663554,Casey Mize,DET,5,0.034866964317470175,0.006973392863494035,0.07145010395171575,0.7379489770102868,1.6820878096779317,0,0.034866964317470175
pitcher,690953,Mick Abel,MIN,4,0.034830172146272036,0.008707543036568009,0.06492126777904733,0.7392981009030313,1.6021667061262002,0,0.034830172146272036
pitcher,702070,Noah Cameron,KC,3,0.03461631902326099,0.011538773007753663,0.06086024739114887,0.7250617685951096,1.478205337839143,0,0.03461631902326099
pitcher,668678,Zac Gallen,AZ,4,0.034384341353101276,0.008596085338275319,0.06802814883191544,0.7329687544369154,1.5825453352428267,0,0.034384341353101276
hitter,679529,Spencer Torkelson,DET,2,0.0342135536719271,0.01710677683596355,0.0704468366225814,0.6801308460730736,1.3366461956250912,0.0342135536719271,0
pitcher,605135,Chris Bassitt,BAL,4,0.03377438881809301,0.008443597204523253,0.1290236358095762,0.6048361873020524,1.092006994686774,0,0.03377438881809301
hitter,678391,Jorbit Vivas,WSH,3,0.03368296610087229,0.011227655366957431,0.05510034463215996,0.7954976691421751,2.3630105110436954,0.03368296610087229,0
pitcher,669358,Shane Baz,BAL,6,0.033557403845368046,0.005592900640894675,0.09589089215658242,0.673254235982011,1.3683280250088066,0,0.033557403845368046
pitcher,669467,Andre Pallante,STL,4,0.03346094058465101,0.008365235146162752,0.09496760251432074,0.5932585007137636,1.0863833124204523,0,0.03346094058465101
hitter,683146,Brett Baty,NYM,2,0.03318397324235943,0.016591986621179715,0.09423340258337545,0.5604005763983271,0.9323447433042329,0.03318397324235943,0
hitter,656811,Ryan O'Hearn,PIT,3,0.03316247304507601,0.011054157681692003,0.12646141128667762,0.610422902524837,1.1301050360880542,0.03316247304507601,0
hitter,673962,Josh Jung,TEX,2,0.03303195390992693,0.016515976954963464,0.06636501290323407,0.6781637508381744,1.480360087224405,0.03303195390992693,0
pitcher,696149,Bubba Chandler,PIT,4,0.032798831209492396,0.008199707802373099,0.05215381851194417,0.843136267441362,2.5592035389318504,0,0.032798831209492396
pitcher,680694,Kyle Bradish,BAL,4,0.03273279318710819,0.008183198296777048,0.06811656665741406,0.7030217353865268,1.4490482235812632,0,0.03273279318710819
hitter,691720,Kyle Karros,COL,3,0.03222639250737312,0.010742130835791041,0.07525457571050004,0.6930862411183187,1.4213619923767888,0.03222639250737312,0
pitcher,676282,Joey Cantillo,CLE,6,0.03214051792500788,0.005356752987501314,0.09308443940698369,0.6658335379160513,1.347747718136097,0,0.03214051792500788
pitcher,519242,Chris Sale,ATL,4,0.03209732282860948,0.00802433070715237,0.06373306713240273,0.7399252089127168,1.8136802977763542,0,0.03209732282860948
pitcher,621237,José Alvarado,PHI,2,0.03203093088116305,0.016015465440581526,0.09247833417688833,0.5588077068828066,0.9272794307177084,0,0.03203093088116305
pitcher,682254,Mason Montgomery,PIT,1,0.031979435942291363,0.031979435942291363,0.03680964992372732,0.8995998933874236,2.3945901243290617,0,0.031979435942291363
hitter,663837,Matt Vierling,DET,3,0.031962879441764847,0.010654293147254948,0.06354184339172678,0.6799699586355215,1.3246253647258697,0.031962879441764847,0
pitcher,678022,Jack Perkins,ATH,2,0.031683366133717805,0.015841683066858903,0.06711858334769155,0.7202106190493736,1.8165666864925818,0,0.031683366133717805
pitcher,666374,Matt Brash,SEA,1,0.03156517633080754,0.03156517633080754,0.03720294552531345,0.883764395472362,2.271428476032318,0,0.03156517633080754
pitcher,808963,Roki Sasaki,LAD,4,0.03147797373601041,0.007869493434002603,0.08317756571508475,0.6436707781729972,1.278247995635486,0,0.03147797373601041
pitcher,664285,Framber Valdez,DET,5,0.03146794897690913,0.006293589795381827,0.07404053018923923,0.6818176855390001,1.436373812821753,0,0.03146794897690913
pitcher,687570,Connor Prielipp,MIN,2,0.03136149728486529,0.015680748642432647,0.08041388475525801,0.5709838399280978,0.9644002079429725,0,0.03136149728486529
pitcher,684007,Shota Imanaga,CHC,5,0.031336500752067474,0.006267300150413495,0.06681489818761643,0.7202509591472828,1.4700904310881293,0,0.031336500752067474
pitcher,676395,Robert Garcia,TEX,4,0.031310230041675206,0.007827557510418802,0.09260309938584804,0.5572464764849483,0.929178611724344,0,0.031310230041675206
hitter,807713,Matt Shaw,CHC,3,0.03130777948661518,0.010435926495538393,0.06331835520464324,0.7270979304310083,1.6547950218096965,0.03130777948661518,0
pitcher,672282,Reid Detmers,LAA,9,0.03115263085414976,0.003461403428238862,0.1316292435797471,0.6829162572520313,1.471219116656655,0,0.03115263085414976
pitcher,669373,Tarik Skubal,DET,5,0.031073075624103042,0.006214615124820608,0.13265779738368533,0.5324335118601228,0.8576355342944529,0,0.031073075624103042
pitcher,608331,Max Fried,NYY,6,0.03102005948797598,0.005170009914662664,0.07906593832713915,0.7699230346350303,1.8985136396488154,0,0.03102005948797598
pitcher,663556,Shane McClanahan,TB,5,0.031009692064541183,0.006201938412908237,0.045468048750003265,0.8512663668966484,2.2007464360487807,0,0.031009692064541183
hitter,605170,Victor Caratini,MIN,5,0.03080078911665297,0.006160157823330594,0.10541264427622157,0.6597578937773004,1.380707264363456,0.03080078911665297,0
hitter,641487,J.P. Crawford,SEA,2,0.03077900316284502,0.01538950158142251,0.059124046373810024,0.6895802582271544,1.3503093728769018,0.03077900316284502,0
hitter,624431,Jose Trevino,CIN,3,0.03029892078303125,0.010099640261010416,0.06274014399397887,0.737483080856999,1.7141276974793425,0.03029892078303125,0
hitter,663698,Joey Bart,PIT,2,0.030230103192641085,0.015115051596320542,0.04019417699085864,0.8267034120180923,2.094453163667364,0.030230103192641085,0
hitter,680777,Ryan Jeffers,MIN,4,0.029838009977743222,0.0074595024944358055,0.08674209449781403,0.6574592222432982,1.4334949002043729,0.029838009977743222,0
pitcher,687075,Brandon Sproat,MIL,5,0.029800398405354242,0.005960079681070848,0.07651384139944664,0.6641813093607023,1.294339439387573,0,0.029800398405354242
pitcher,683175,Connor Phillips,CIN,3,0.02971485109611798,0.00990495036537266,0.10183150162000992,0.5157299672912549,0.799403051711753,0,0.02971485109611798
pitcher,676917,Cade Cavalli,WSH,4,0.02968623864961476,0.00742155966240369,0.07496379439940837,0.7054676555034777,1.4809146642753654,0,0.02968623864961476
pitcher,676962,Ben Brown,CHC,3,0.029666632421574246,0.009888877473858082,0.061382744456068616,0.6789926357231195,1.3368802823573382,0,0.029666632421574246
pitcher,694738,Landen Roupp,SF,5,0.029336091804018364,0.005867218360803673,0.12239604944439697,0.5031046701174239,0.7806006103635907,0,0.029336091804018364
hitter,643217,Andrew Benintendi,CWS,2,0.029317502708879953,0.014658751354439977,0.03263337354040713,0.906882443230633,3.3015089248014293,0.029317502708879953,0
pitcher,608379,Michael Wacha,KC,3,0.029131716299788918,0.00971057209992964,0.050227255176573615,0.7520336131524367,1.6216997924221728,0,0.029131716299788918
hitter,677587,Brayan Rocchio,CLE,3,0.028676977990863575,0.009558992663621192,0.0932974934685954,0.5833238795399024,1.0156158382719633,0.028676977990863575,0
pitcher,677958,Kumar Rocker,TEX,4,0.028289505447266328,0.007072376361816582,0.05321189172695251,0.723435261758115,1.5238480064299362,0,0.028289505447266328
hitter,645302,Victor Robles,SEA,1,0.027787819355208066,0.027787819355208066,0.051471652792127176,0.6226985847361735,1.1257636583220516,0.027787819355208066,0
pitcher,683232,Nick Mears,KC,2,0.02775770038893023,0.013878850194465116,0.09812086948954962,0.5702170345671319,1.0096341651774092,0,0.02775770038893023
hitter,682928,CJ Abrams,WSH,3,0.02774435854469561,0.009248119514898536,0.0626185161136251,0.6431759888245289,1.2800417945280804,0.02774435854469561,0
pitcher,669194,Ryne Nelson,AZ,3,0.027661430141581667,0.009220476713860556,0.07832995553863781,0.6820181473512349,1.650175576347097,0,0.027661430141581667
pitcher,656271,Brock Burke,CIN,1,0.027502726260990616,0.027502726260990616,0.049490343933370595,0.6383041080261108,1.1760082850884723,0,0.027502726260990616
hitter,687401,Joey Ortiz,MIL,3,0.02724064938325574,0.009080216461085247,0.0444924123981687,0.7747487997155261,2.184227641288614,0.02724064938325574,0
hitter,701350,Roman Anthony,BOS,4,0.027179624767474007,0.006794906191868502,0.09527529596901878,0.5292479063910547,0.8388721240942102,0.027179624767474007,0
pitcher,685801,Hunter Bigge,TB,2,0.027178269878461433,0.013589134939230717,0.13071978506513593,0.4653108786789293,0.6377722810024191,0,0.027178269878461433
pitcher,665795,Edward Cabrera,CHC,3,0.026423936431097902,0.008807978810365968,0.03809798009600057,0.8396205571108033,2.0094273178163853,0,0.026423936431097902
pitcher,695076,Rhett Lowder,CIN,7,0.02629357022661791,0.003756224318088273,0.07348506996748935,0.7297216739861476,1.6365192724748074,0,0.02629357022661791
hitter,643289,Mauricio Dubón,ATL,3,0.026249607392389098,0.008749869130796365,0.03701084386697889,0.8598628391278176,2.505568076076918,0.026249607392389098,0
pitcher,682274,Yaramil Hiraldo,BAL,2,0.026140141877273936,0.013070070938636968,0.05884754407326434,0.6262074719589952,1.1462629099535788,0,0.026140141877273936
hitter,664023,Ian Happ,CHC,2,0.026117924618863673,0.013058962309431836,0.041142926538826396,0.8183603897937402,2.0856198579293332,0.026117924618863673,0
hitter,687859,Troy Johnston,COL,5,0.02598978973649197,0.005197957947298394,0.046478356124076664,0.8147196557731624,2.232745163526437,0.02598978973649197,0
pitcher,605280,Clay Holmes,NYM,3,0.025690172136317187,0.00856339071210573,0.05507421784881278,0.7058923943671646,1.7891781692036455,0,0.025690172136317187
hitter,605137,Josh Bell,MIN,3,0.025525449108617454,0.008508483036205819,0.06244954407566017,0.6291497985243041,1.3060113440352414,0.025525449108617454,0
hitter,694384,Nolan Schanuel,LAA,4,0.02551404712028591,0.006378511780071478,0.1225460162393257,0.494583602252653,0.7464896297843272,0.02551404712028591,0
pitcher,656550,Grant Holmes,ATL,1,0.025423768294675318,0.025423768294675318,0.03698845100167858,0.7605083106393027,1.6166012424062943,0,0.025423768294675318
hitter,666126,Carlos Cortes,ATH,2,0.025368410408091978,0.012684205204045989,0.03665595073820127,0.792443693893679,2.372846393451998,0.025368410408091978,0
hitter,667472,Dane Myers,CIN,3,0.025007930164233742,0.008335976721411247,0.029972628891061698,0.9242010738063365,2.63166156267819,0.025007930164233742,0
pitcher,592662,Robbie Ray,SF,1,0.024943286492132306,0.024943286492132306,0.03123210976253138,0.8521393999613157,2.0636101426117244,0,0.024943286492132306
pitcher,664854,Ryan Helsley,BAL,1,0.024541301215793072,0.024541301215793072,0.12606339529416444,0.31710093209235035,0.17465478742811769,0,0.024541301215793072
hitter,677800,Wilyer Abreu,BOS,4,0.024506860330239737,0.006126715082559934,0.05022063119394127,0.7848928404775923,2.126825878134017,0.024506860330239737,0
pitcher,675660,Shane Drohan,MIL,6,0.024448248663361177,0.004074708110560196,0.05460439049884952,0.7675141045647672,1.8759254633164544,0,0.024448248663361177
pitcher,500779,Jose Quintana,COL,5,0.024166801623383936,0.004833360324676787,0.09748448501817203,0.5350991442314108,0.8580004249322508,0,0.024166801623383936
pitcher,671212,Joe Boyle,TB,3,0.024154906618885287,0.008051635539628428,0.06735944356180756,0.6324146281448176,1.1583605695196337,0,0.024154906618885287
pitcher,678606,Jose A. Ferrer,SEA,1,0.02408207287144753,0.02408207287144753,0.03881860251075597,0.7059668685665003,1.406906891306932,0,0.02408207287144753
hitter,656537,Derek Hill,CWS,1,0.024062982607734273,0.024062982607734273,0.025549259597835383,0.9596660283999732,3.1270434414407227,0.024062982607734273,0
hitter,543309,Kyle Higashioka,TEX,2,0.0240629549823135,0.01203147749115675,0.033161974706395814,0.8363677773652174,1.9739793998225879,0.0240629549823135,0
pitcher,527048,Martín Pérez,ATL,6,0.02398846582947895,0.003998077638246492,0.05816806263156171,0.7721604482329169,1.7875548884932637,0,0.02398846582947895
hitter,681393,Connor Norby,MIA,3,0.02371067762668575,0.007903559208895251,0.041286529667826144,0.8192222936937309,2.010148807876716,0.02371067762668575,0
hitter,500743,Miguel Rojas,LAD,3,0.02359118642725814,0.007863728809086047,0.05704454684840943,0.7001103327924943,1.586560540359514,0.02359118642725814,0
pitcher,660271,Shohei Ohtani,LAD,2,0.023411581647500894,0.011705790823750447,0.05047841629205607,0.7206311246878984,1.6568259836660801,0,0.023411581647500894
pitcher,656849,David Peterson,NYM,2,0.023302122366468416,0.011651061183234208,0.030920641982452812,0.8709027064204193,2.2679395166410723,0,0.023302122366468416
pitcher,676760,Ron Marinaccio,SD,3,0.02317189095712748,0.0077239636523758265,0.07762603654989952,0.5406372401778967,0.8744080634614626,0,0.02317189095712748
pitcher,593974,Wandy Peralta,SD,1,0.02309121297617346,0.02309121297617346,0.0455109779310868,0.6708347811773138,1.283972301986164,0,0.02309121297617346
pitcher,656876,Drew Rasmussen,TB,4,0.02300664986103134,0.005751662465257835,0.07941024067611657,0.5709534544635433,0.9779042376383721,0,0.02300664986103134
pitcher,669302,Logan Gilbert,SEA,4,0.022813643826939352,0.005703410956734838,0.09314045121046033,0.5035653018827096,0.7590271469762743,0,0.022813643826939352
pitcher,621121,Lance McCullers Jr.,HOU,4,0.022763525079240565,0.005690881269810141,0.05038890900806842,0.7230209588553205,1.523112286789499,0,0.022763525079240565
hitter,686555,Isaac Collins,KC,4,0.022741102647997842,0.0056852756619994605,0.06778524516218534,0.707692515464093,1.5743781336333518,0.022741102647997842,0
hitter,664983,Jake McCarthy,COL,2,0.02258242766279658,0.01129121383139829,0.031070659816007484,0.8309864754221453,1.9579940717196016,0.02258242766279658,0
hitter,805779,Jacob Wilson,ATH,4,0.022290185381900023,0.005572546345475006,0.08387505908032478,0.5803296792988631,1.037738126737151,0.022290185381900023,0
pitcher,671096,Andrew Abbott,CIN,3,0.022227832391169593,0.0074092774637231976,0.04939323172965693,0.7009047741983733,1.4109117016997779,0,0.022227832391169593
hitter,702222,Justin Crawford,PHI,2,0.022108117733653003,0.011054058866826501,0.036105234347079795,0.8213214474288486,1.991460983454163,0.022108117733653003,0
hitter,542303,Marcell Ozuna,PIT,2,0.021939298623570275,0.010969649311785137,0.04015800386130183,0.7081108539670699,1.4508310931638997,0.021939298623570275,0
hitter,592450,Aaron Judge,NYY,4,0.02185049924664045,0.0054626248116601125,0.0418354474227256,0.7944708771507017,2.0131739730118112,0.02185049924664045,0
pitcher,445276,Kenley Jansen,DET,1,0.021645607275169974,0.021645607275169974,0.028783699264972817,0.8219203286948001,1.897059318656046,0,0.021645607275169974
pitcher,641793,Zack Littell,WSH,2,0.02141762052771314,0.01070881026385657,0.031474168442027495,0.8298531797530129,1.9532922106606279,0,0.02141762052771314
hitter,672580,Maikel Garcia,KC,3,0.021354423219460586,0.007118141073153529,0.07612386313072661,0.5502821127254559,0.9082517862191004,0.021354423219460586,0
pitcher,571948,Hoby Milner,CHC,3,0.021311181906200197,0.0071037273020667325,0.05801286642594072,0.7346730781394055,1.6510597792981507,0,0.021311181906200197
hitter,694671,Wyatt Langford,TEX,4,0.02099130750129835,0.005247826875324588,0.0597093325626748,0.7435505519280786,1.748332866621058,0.02099130750129835,0
pitcher,677944,Slade Cecconi,CLE,4,0.020762622407675485,0.005190655601918871,0.13239954974761314,0.3818338678141875,0.37407710379305803,0,0.020762622407675485
hitter,641355,Cody Bellinger,NYY,1,0.02060925505665785,0.02060925505665785,0.02457712570258619,0.8894038870666187,2.3134998789758736,0.02060925505665785,0
pitcher,679775,Kyle Backhus,PHI,1,0.020457619871462215,0.020457619871462215,0.0225375436294398,0.9385320701539346,2.794351090704669,0,0.020457619871462215
hitter,595978,Austin Hedges,CLE,2,0.020317690231059008,0.010158845115529504,0.034744597344139594,0.8173947802653773,2.409414960012736,0.020317690231059008,0
hitter,681351,Logan O'Hoppe,LAA,2,0.020317464138692485,0.010158732069346242,0.03870439217452552,0.7110507010187623,1.8248472415210033,0.020317464138692485,0
pitcher,657746,Joe Ryan,MIN,2,0.0197131606068739,0.00985658030343695,0.026597317695371603,0.9006042443242814,2.4502948921646555,0,0.0197131606068739
hitter,621020,Dansby Swanson,CHC,2,0.01965088371712317,0.009825441858561585,0.04394360820510651,0.6879447935164665,1.3429110699810085,0.01965088371712317,0
pitcher,596001,Jakob Junis,TEX,3,0.019554092056042447,0.006518030685347482,0.09072230270411408,0.4287642507724921,0.5347954224816425,0,0.019554092056042447
pitcher,571927,Steven Matz,TB,1,0.01949822273092444,0.01949822273092444,0.02054693556792686,0.9670702119905508,3.2849200815884574,0,0.01949822273092444
pitcher,453286,Max Scherzer,TOR,2,0.019427169724264483,0.009713584862132241,0.031166571835787193,0.8042250812856225,2.44287112608576,0,0.019427169724264483
hitter,668227,Randy Arozarena,SEA,3,0.01940694589957231,0.006468981966524103,0.04250465795165148,0.7083574544932993,1.44336453497695,0.01940694589957231,0
pitcher,656945,Tanner Scott,LAD,1,0.019210845413039607,0.019210845413039607,0.038723247510799585,0.6099333196320886,1.0852739544767962,0,0.019210845413039607
pitcher,682842,Abner Uribe,MIL,2,0.019192352577328972,0.009596176288664486,0.07190351783409688,0.5218627627842898,0.8214255324028521,0,0.019192352577328972
hitter,596115,Trevor Story,BOS,2,0.018956396082382317,0.009478198041191158,0.056611390516298044,0.632867946979075,1.210480405638019,0.018956396082382317,0
pitcher,677955,Jaden Hill,COL,2,0.018916710374670073,0.009458355187335036,0.06338251702244269,0.6446139215985749,1.5522713245884363,0,0.018916710374670073
pitcher,663738,Daniel Lynch IV,KC,3,0.018760939274437245,0.006253646424812415,0.03913543331185332,0.7871251568530141,1.7439457862253684,0,0.018760939274437245
hitter,666397,Edouard Julien,COL,2,0.018751122288414305,0.009375561144207152,0.07551605745158924,0.5299590552854196,0.8660885688736211,0.018751122288414305,0
hitter,686948,Drake Baldwin,ATL,2,0.018692605874249868,0.009346302937124934,0.035183631108613,0.7325592105626291,1.5271761565170676,0.018692605874249868,0
pitcher,681343,Shane Smith,CWS,1,0.018651716220842676,0.018651716220842676,0.04452894602506344,0.5364908054577346,0.859667401428589,0,0.018651716220842676
hitter,678662,Ezequiel Tovar,COL,4,0.01854477186545716,0.00463619296636429,0.03928481773543671,0.7976045668424452,1.9073992008711529,0.01854477186545716,0
hitter,687231,Darell Hernaiz,ATH,3,0.01850977074554202,0.006169923581847339,0.036866977266662326,0.7809107832062274,2.1364585743657325,0.01850977074554202,0
pitcher,624133,Ranger Suarez,BOS,2,0.018450478995254337,0.009225239497627168,0.0369423340669599,0.7033703815937267,1.4159006610035738,0,0.018450478995254337
pitcher,666200,Jesús Luzardo,PHI,4,0.018345468776850664,0.004586367194212666,0.0681907515419932,0.5949970812925232,1.074253245481377,0,0.018345468776850664
pitcher,694973,Paul Skenes,PIT,4,0.01833680832061664,0.00458420208015416,0.06590692088832795,0.6135422596034541,1.2025575728296365,0,0.01833680832061664
pitcher,657277,Logan Webb,SF,3,0.01830105414606399,0.006100351382021331,0.07094080996928381,0.5908822759894387,1.0549123376338074,0,0.01830105414606399
hitter,669394,Jake Burger,TEX,3,0.01801283882991382,0.0060042796099712735,0.06763202711116947,0.5298227550802044,0.8544054385793185,0.01801283882991382,0
hitter,641343,Jake Bauers,MIL,2,0.017712508824033076,0.008856254412016538,0.02490499385781525,0.9007065971676794,2.4941130320011107,0.017712508824033076,0
hitter,665019,Kody Clemens,MIN,1,0.01762058892557595,0.01762058892557595,0.020067357474312986,0.9219963444245911,2.602339175080207,0.01762058892557595,0
hitter,543807,George Springer,TOR,3,0.01739658900236318,0.005798863000787726,0.03436519180534736,0.8117269128926838,2.2850207189618827,0.01739658900236318,0
pitcher,680732,Sean Burke,CWS,3,0.01731498839222502,0.00577166279740834,0.03773883655680921,0.7413830306238375,1.7360937522070443,0,0.01731498839222502
hitter,682985,Riley Greene,DET,1,0.01706030079022735,0.01706030079022735,0.01780311773945098,0.9744763789270351,3.481721954622902,0.01706030079022735,0
hitter,686469,Vinnie Pasquantino,KC,3,0.01699796087714164,0.005665986959047214,0.026061221611303753,0.8481424094034292,2.254727593777892,0.01699796087714164,0
pitcher,657612,Tim Hill,NYY,1,0.016696802802605163,0.016696802802605163,0.021190612394258457,0.8616889845865936,2.122042135970479,0,0.016696802802605163
hitter,666182,Bo Bichette,NYM,3,0.016685339995773752,0.005561779998591251,0.06482548190348342,0.5988360286753069,1.241411531375241,0.016685339995773752,0
hitter,596019,Francisco Lindor,NYM,3,0.016483322200514842,0.0054944407335049475,0.03656066457101176,0.7786745639912183,1.8958723449898258,0.016483322200514842,0
pitcher,687064,Brandon Young,BAL,2,0.01637753070716412,0.00818876535358206,0.02143580974028586,0.8840743235223356,2.3124746316126563,0,0.01637753070716412
hitter,681082,Bryson Stott,PHI,3,0.016352687038783356,0.005450895679594452,0.04125810946787073,0.7334405059824353,1.6209716703063453,0.016352687038783356,0
pitcher,518876,Merrill Kelly,AZ,2,0.016324832730757605,0.008162416365378802,0.03764239669888825,0.6663044106407296,1.2859842656746263,0,0.016324832730757605
hitter,672515,Gabriel Moreno,AZ,3,0.016255579817679826,0.0054185266058932756,0.028075812649505094,0.8371805370873387,2.239862267623783,0.016255579817679826,0
hitter,575929,Willson Contreras,BOS,2,0.016241958518120138,0.008120979259060069,0.05177252085944278,0.6560873142385032,1.4937410301219234,0.016241958518120138,0
hitter,663538,Nico Hoerner,CHC,3,0.01607528679532648,0.005358428931775493,0.06858463226056061,0.5794787695559089,1.5501793932762133,0.01607528679532648,0
pitcher,650644,Aaron Civale,ATH,2,0.01601544281561277,0.008007721407806385,0.019977382864657223,0.9100072438139646,2.6849609016197746,0,0.01601544281561277
hitter,694212,Samuel Basallo,BAL,2,0.016006794026730133,0.008003397013365067,0.03833419386913628,0.7264553656663335,1.9159573031077943,0.016006794026730133,0
hitter,660688,Keibert Ruiz,WSH,2,0.015912666907522754,0.007956333453761377,0.0289117308960547,0.8103729608401222,2.227044753671037,0.015912666907522754,0
pitcher,592332,Kevin Gausman,TOR,1,0.01579841568933406,0.01579841568933406,0.019060341352074794,0.8925596512597241,2.3378681620865507,0,0.01579841568933406
hitter,671976,Tristan Peters,CWS,1,0.015752366685959363,0.015752366685959363,0.029243458874285255,0.6672436796732546,1.271808648542157,0.015752366685959363,0
pitcher,663903,Brady Singer,CIN,2,0.01569841092669834,0.00784920546334917,0.03954674882740872,0.6794356588205819,1.4267089660336816,0,0.01569841092669834
hitter,663647,Ke'Bryan Hayes,CIN,3,0.01557041163672792,0.00519013721224264,0.03648513437914341,0.725283194215829,1.5087717134440322,0.01557041163672792,0
pitcher,681347,Mike Burrows,HOU,3,0.015494173752815487,0.005164724584271829,0.05882822592189624,0.5641326082832778,0.9587787489740478,0,0.015494173752815487
pitcher,656464,Kevin Ginkel,AZ,2,0.01536929413916138,0.00768464706958069,0.019286543421643626,0.9160716196429085,2.594154712728064,0,0.01536929413916138
hitter,681198,TJ Rumfield,COL,1,0.015308737580348461,0.015308737580348461,0.018230677558063846,0.9010540827595234,2.40674390302789,0.015308737580348461,0
hitter,660162,Yoán Moncada,LAA,2,0.015274410953576933,0.0076372054767884666,0.02321544893266328,0.8296502666035043,2.194923296564684,0.015274410953576933,0
hitter,664761,Alec Bohm,PHI,3,0.01509261795982854,0.00503087265327618,0.06372437150453909,0.6503521377023497,1.445560533981082,0.01509261795982854,0
pitcher,663947,Tyler Holton,DET,2,0.01508902389634896,0.00754451194817448,0.037750309973689944,0.7256765707017391,1.480617078677258,0,0.01508902389634896
pitcher,656605,Mitch Keller,PIT,3,0.015011891245195507,0.005003963748398502,0.05925458289488156,0.6759635300409901,1.45556182525028,0,0.015011891245195507
pitcher,676106,Emerson Hancock,SEA,2,0.014983809279145902,0.007491904639572951,0.02867790320712349,0.7340340860960745,1.521925740827503,0,0.014983809279145902
pitcher,700712,Walbert Urena,LAA,2,0.014690056052771383,0.007345028026385691,0.020765517653672697,0.8555198319467116,2.1010339451377105,0,0.014690056052771383
pitcher,668390,Cole Winn,TEX,1,0.014678987875178313,0.014678987875178313,0.02654424751339224,0.7585625940252613,1.608611300873541,0,0.014678987875178313
hitter,681715,Heriberto Hernández,MIA,3,0.0145423997504735,0.004847466583491167,0.03025476898314594,0.769513332882496,1.723066503369263,0.0145423997504735,0
hitter,694208,Moisés Ballesteros,CHC,3,0.014500254018719771,0.004833418006239923,0.025859543396902288,0.82592999854335,2.863940905713683,0.014500254018719771,0
hitter,606466,Ketel Marte,AZ,3,0.01439671420129909,0.004798904733766363,0.018929687234057274,0.9228202119871886,2.7485800908428963,0.01439671420129909,0
pitcher,680802,Ryan Weiss,HOU,1,0.01406069626171361,0.01406069626171361,0.05660156155730778,0.3734920917880454,0.36205157549228506,0,0.01406069626171361
hitter,676609,José Caballero,NYY,2,0.014049477182826198,0.007024738591413099,0.025994683257210105,0.7694658130054817,1.7718277496047268,0.014049477182826198,0
pitcher,687911,Bryan King,HOU,1,0.013987832557954558,0.013987832557954558,0.014981356685819291,0.973563377816011,3.4546595046953543,0,0.013987832557954558
hitter,678554,Curtis Mead,WSH,2,0.01377091125945746,0.00688545562972873,0.04265034170291426,0.6201131062151348,1.11769585497949,0.01377091125945746,0
hitter,672820,Lenyn Sosa,CWS,1,0.013742873608829748,0.013742873608829748,0.01761027502680912,0.9038205678672706,2.430311491650107,0.013742873608829748,0
pitcher,676979,Garrett Crochet,BOS,2,0.013740848062399015,0.006870424031199507,0.01808269275411578,0.8954644351487342,2.384337302080813,0,0.013740848062399015
pitcher,681870,Erik Sabrowski,CLE,2,0.013727253172518172,0.006863626586259086,0.038084304738065455,0.7113523819094649,1.4279675967309426,0,0.013727253172518172
hitter,553993,Eugenio Suárez,CIN,4,0.01356379936857111,0.0033909498421427777,0.07703624371171525,0.624177816469288,1.1808979126408337,0.01356379936857111,0
hitter,682668,Luisangel Acuña,CWS,2,0.013492140485073337,0.0067460702425366685,0.018650615987804025,0.8720027504826751,2.191724083290537,0.013492140485073337,0
pitcher,657097,Jacob Webb,CHC,2,0.01342059221023411,0.006710296105117055,0.06902882064507565,0.5523286216911361,0.9243783515821997,0,0.01342059221023411
hitter,668885,Austin Martin,MIN,4,0.013336557004064954,0.0033341392510162385,0.03597268187692197,0.7537747904500595,1.639860447422105,0.013336557004064954,0
hitter,701675,Nathan Church,STL,1,0.01332336817422755,0.01332336817422755,0.018676508951234294,0.8214221413936086,1.8945093510361866,0.01332336817422755,0
pitcher,683618,Edgardo Henriquez,LAD,1,0.013203029526159283,0.013203029526159283,0.015450527590701424,0.9409338527781315,2.8261611654443106,0,0.013203029526159283
hitter,624585,Jorge Soler,LAA,1,0.013072321240308412,0.013072321240308412,0.019463935131656007,0.7922367907748368,1.7538459835161362,0.013072321240308412,0
pitcher,680573,Simeon Woods Richardson,MIN,4,0.013034671529893928,0.003258667882473482,0.06480110846483264,0.623350654662549,1.1955865870675855,0,0.013034671529893928
hitter,677870,Leo Jiménez,MIA,1,0.01289756028009319,0.01289756028009319,0.014033726191874263,0.9551520410706303,3.0439443408528106,0.01289756028009319,0
pitcher,571510,Matthew Boyd,CHC,1,0.012772837205771222,0.012772837205771222,0.014905321856901743,0.94314181173363,2.8564923092033982,0,0.012772837205771222
hitter,657041,Lane Thomas,KC,1,0.012722164332538626,0.012722164332538626,0.02429318328400007,0.6749091291122906,1.2978549842197715,0.012722164332538626,0
hitter,700250,Ben Rice,NYY,3,0.012664392130608087,0.004221464043536029,0.05456054044483094,0.5976348000025381,1.0490123712114894,0.012664392130608087,0
pitcher,700712,Walbert Ureña,LAA,1,0.012623569230846596,0.012623569230846596,0.03587229486755261,0.5071529654857302,0.7714603605604715,0,0.012623569230846596
pitcher,694477,Chad Patrick,MIL,2,0.012608654866185471,0.0063043274330927355,0.028497642051689198,0.673034571528597,1.3615078065676256,0,0.012608654866185471
hitter,803011,Sam Antonacci,CWS,1,0.012586235379171563,0.012586235379171563,0.02059667440057028,0.7488628776529914,1.5694175990469574,0.012586235379171563,0
hitter,691723,Coby Mayo,BAL,2,0.012501027532968348,0.006250513766484174,0.01840007033140867,0.8636784168521335,2.7186022005371226,0.012501027532968348,0
pitcher,669387,Carmen Mlodzinski,PIT,4,0.012421501227403979,0.0031053753068509948,0.11168464522366789,0.47089053902173905,0.6596694141932856,0,0.012421501227403979
hitter,676914,Davis Schneider,TOR,2,0.012367887977901492,0.006183943988950746,0.07352513816948472,0.48362947146040536,0.6900260839393697,0.012367887977901492,0
hitter,682998,Corbin Carroll,AZ,4,0.012359046505415736,0.003089761626353934,0.03864725485388611,0.6907494059918735,1.3684166865163396,0.012359046505415736,0
hitter,657757,Gavin Sheets,SD,3,0.012329311424952607,0.004109770474984203,0.04970274880320677,0.5531928278421678,0.91057049444884,0.012329311424952607,0
hitter,657656,Ramón Laureano,SD,2,0.012126731769597013,0.006063365884798506,0.04777438252337329,0.5565953401008756,0.9212385032498369,0.012126731769597013,0
hitter,642715,Willy Adames,SF,4,0.012122532116689403,0.0030306330291723508,0.023102522546737392,0.879906609123645,2.4609006499705637,0.012122532116689403,0
hitter,661388,William Contreras,MIL,2,0.012120866033537087,0.006060433016768544,0.03739330471660818,0.575319148885969,0.9960889071465051,0.012120866033537087,0
hitter,683357,Owen Caissie,MIA,1,0.012096175202614863,0.012096175202614863,0.027264392619181455,0.6066781715882099,1.0750277076120156,0.012096175202614863,0
hitter,608070,José Ramírez,CLE,3,0.011841986072534828,0.003947328690844943,0.035550545926617105,0.8242169405579544,2.53377493911008,0.011841986072534828,0
pitcher,661563,Luis Gil,NYY,2,0.011841572432106153,0.005920786216053076,0.033430916486644924,0.6495425147122261,1.2735451872246304,0,0.011841572432106153
hitter,669326,Bryce Teodosio,LAA,1,0.011831511734861704,0.011831511734861704,0.016230819079328662,0.8402042695573068,1.994811544105782,0.011831511734861704,0
pitcher,679883,Luinder Avila,KC,2,0.01176639339137973,0.005883196695689865,0.023795402438548857,0.816650671669445,1.8965925875538627,0,0.01176639339137973
hitter,663743,Nick Fortes,TB,1,0.011762453533007627,0.011762453533007627,0.03184952398881624,0.5344775886516174,0.853597169843141,0.011762453533007627,0
pitcher,668941,JoJo Romero,STL,1,0.01170450513426388,0.01170450513426388,0.01331612557196149,0.9551282213202933,3.0435274010214384,0,0.01170450513426388
pitcher,695243,Mason Miller,SD,1,0.011528367268819997,0.011528367268819997,0.03019688586648983,0.5501224198429476,0.9008740000000017,0,0.011528367268819997
hitter,670042,Luke Raley,SEA,3,0.011464292379784953,0.003821430793261651,0.0390238002021438,0.6506162132491926,1.2363827038467505,0.011464292379784953,0
hitter,642215,Weston Wilson,BAL,1,0.011459474588332621,0.011459474588332621,0.0432814733329378,0.5169810701744644,0.8009628105139157,0.011459474588332621,0
pitcher,608566,Germán Márquez,SD,3,0.011444476614191377,0.0038148255380637923,0.07785169311915494,0.4211304923704813,0.507759578287692,0,0.011444476614191377
hitter,641857,Ryan McMahon,NYY,2,0.01143224330254366,0.00571612165127183,0.035565293838460355,0.6037905803476644,1.1418168516984535,0.01143224330254366,0
hitter,802139,JJ Wetherholt,STL,1,0.011377201976397014,0.011377201976397014,0.01617832670328359,0.8252759427919294,1.9143824197758565,0.011377201976397014,0
pitcher,670990,Yohan Ramírez,PIT,3,0.011223119501911152,0.003741039833970384,0.025952092041474417,0.7716078486025899,2.0494727642569788,0,0.011223119501911152
hitter,699912,Jose Fernandez,AZ,2,0.01121431406741524,0.00560715703370762,0.07132779921529026,0.4035279970287985,0.4426463280998043,0.01121431406741524,0
hitter,663886,Tyler Stephenson,CIN,2,0.011211428761405615,0.005605714380702807,0.02765743239699626,0.7360363305571809,1.5194545083416116,0.011211428761405615,0
pitcher,694335,Matt Svanson,STL,1,0.011191801951287005,0.011191801951287005,0.017409461690565675,0.7834282019532997,1.7143179726357207,0,0.011191801951287005
pitcher,694819,Jacob Misiorowski,MIL,3,0.010971207466894348,0.0036570691556314493,0.03216448419135276,0.6820662504198497,1.3648395766262569,0,0.010971207466894348
pitcher,672335,Cionel Pérez,WSH,3,0.010850795408078684,0.0036169318026928947,0.05807811216577802,0.6217616635114611,1.1419310571640588,0,0.010850795408078684
hitter,571448,Nolan Arenado,AZ,1,0.010773051843728627,0.010773051843728627,0.01189326866931617,0.9517007782922142,2.9856264225384375,0.010773051843728627,0
pitcher,685126,Brandon Eisert,CWS,1,0.01076896446487225,0.01076896446487225,0.011091414358263246,0.9904293156125127,4.229575338383013,0,0.01076896446487225
pitcher,683004,Jack Leiter,TEX,3,0.010660739796128506,0.003553579932042835,0.02702390109440328,0.7392331134417253,1.59300071496173,0,0.010660739796128506
hitter,669134,Luis Campusano,SD,1,0.010578104978479644,0.010578104978479644,0.013021867877652693,0.899524045132306,2.393960505654485,0.010578104978479644,0
hitter,683083,Nasim Nuñez,WSH,3,0.010555187336577291,0.003518395778859097,0.035041276397481405,0.7255680879746206,1.5539725258812975,0.010555187336577291,0
pitcher,606303,Joel Payamps,ATL,1,0.010553988148347874,0.010553988148347874,0.030779289867982063,0.6211020834174544,1.1206714759080514,0,0.010553988148347874
pitcher,695505,Chase Burns,CIN,1,0.01052345763161192,0.01052345763161192,0.02290306135098097,0.6380556818486661,1.175201379321141,0,0.01052345763161192
hitter,663968,Jake Mangum,PIT,1,0.010411576509670097,0.010411576509670097,0.026089197058116964,0.5806911679842198,0.9942085090011421,0.010411576509670097,0
pitcher,800311,Didier Fuentes,ATL,2,0.010376662199328236,0.005188331099664118,0.017306042651504594,0.8600774121537201,2.1579978217860316,0,0.010376662199328236
pitcher,543243,Sonny Gray,BOS,2,0.010289574440470066,0.005144787220235033,0.036236168590037976,0.6791688233298951,1.6273845288071844,0,0.010289574440470066
pitcher,689296,Anthony Nunez,BAL,1,0.01017595047192243,0.01017595047192243,0.024776843455520836,0.6918137233581998,1.3564592542734863,0,0.01017595047192243
hitter,672356,Gabriel Arias,CLE,3,0.010162673705719254,0.0033875579019064183,0.028056965420013236,0.7980468663563837,1.8558690566871894,0.010162673705719254,0
hitter,605141,Mookie Betts,LAD,2,0.010149511154965346,0.005074755577482673,0.0309616221936182,0.6123322945525429,1.1260918648549483,0.010149511154965346,0
hitter,687957,Dustin Harris,HOU,1,0.010077395512768584,0.010077395512768584,0.024391276044449683,0.6953928103986492,1.3690903778394787,0.010077395512768584,0
hitter,669127,Shea Langeliers,ATH,1,0.01005357103051267,0.01005357103051267,0.035015198268588635,0.4610488960163827,0.6329094388957213,0.01005357103051267,0
hitter,672820,Lenyn Sosa,TOR,1,0.009943523513865059,0.009943523513865059,0.03110089191604054,0.6060145810007349,1.0729426093800853,0.009943523513865059,0
pitcher,691587,Eury Pérez,MIA,1,0.009897649751791643,0.009897649751791643,0.010712503835322074,0.9629822173058348,3.193977401363611,0,0.009897649751791643
hitter,701398,Sal Stewart,CIN,2,0.009856412275547245,0.0049282061377736225,0.018879964077301248,0.7825898827981971,1.7108225687733323,0.009856412275547245,0
pitcher,664299,Cristian Javier,HOU,1,0.00980985035207042,0.00980985035207042,0.012276596623047253,0.8953730977199028,2.360129842377707,0,0.00980985035207042
hitter,668930,Brice Turang,MIL,2,0.00978847468044236,0.00489423734022118,0.03461585978481502,0.6579953312481792,1.3021319269249043,0.00978847468044236,0
hitter,805808,Kevin McGonigle,DET,2,0.00971153379742521,0.004855766898712605,0.04140063296669372,0.5781742936074282,1.076735074766697,0.00971153379742521,0
hitter,680869,Zack Gelof,ATH,1,0.009682527843212822,0.009682527843212822,0.014321164563550037,0.8189529321030016,1.8819521783638016,0.009682527843212822,0
pitcher,663542,Bryan Hudson,CWS,5,0.009659713024691917,0.0019319426049383835,0.0484027412733925,0.7088781369488075,1.4895556224872117,0,0.009659713024691917
hitter,592626,Joc Pederson,TEX,1,0.009619312250175347,0.009619312250175347,0.044009244001206926,0.3782245197515059,0.3771816926565279,0.009619312250175347,0
pitcher,621111,Walker Buehler,SD,2,0.009586385315884158,0.004793192657942079,0.02712081955718454,0.6414588121193048,1.1890888327784475,0,0.009586385315884158
hitter,693307,Dillon Dingler,DET,3,0.009576035414409864,0.003192011804803288,0.017835133042682194,0.8397094669693806,2.001311415605649,0.009576035414409864,0
hitter,630105,Jake Cronenworth,SD,2,0.00954389211050859,0.004771946055254295,0.02442079990882373,0.677654707568517,1.3148662410610001,0.00954389211050859,0
hitter,596103,Austin Slater,MIA,2,0.009531076427549783,0.004765538213774892,0.021355180921974748,0.722482971657695,1.4760016158945535,0.009531076427549783,0
hitter,672016,Denzel Clarke,ATH,1,0.00943520111429404,0.00943520111429404,0.011480312072999155,0.9102246294014065,2.4872855597697203,0.00943520111429404,0
hitter,677942,Blaze Alexander,BAL,2,0.009409989184543908,0.004704994592271954,0.01900335450491797,0.7813989744844848,1.8188875958939026,0.009409989184543908,0
pitcher,672456,Keider Montero,DET,5,0.00934739468980429,0.001869478937960858,0.058209254790119624,0.6110208117868969,1.1659435846370179,0,0.00934739468980429
hitter,682657,Angel Martínez,CLE,2,0.00932731411957782,0.00466365705978891,0.0525264803705473,0.4200716097835756,0.5055011708020962,0.00932731411957782,0
pitcher,676571,PJ Poulin,WSH,2,0.00928849273983017,0.004644246369915085,0.01982409962733056,0.7796988164798573,1.9344854059571785,0,0.00928849273983017
pitcher,671737,Taj Bradley,MIN,2,0.009257467138389429,0.004628733569194714,0.0433734203191235,0.4828023774254042,0.698316250930489,0,0.009257467138389429
hitter,686452,Drew Millas,WSH,1,0.009251664288272133,0.009251664288272133,0.010373262156102236,0.948249697726546,2.9311406914783658,0.009251664288272133,0
pitcher,547179,Michael Lorenzen,COL,1,0.009241611518570655,0.009241611518570655,0.03762092335343714,0.41989419067511163,0.5075941768513568,0,0.009241611518570655
hitter,543760,Marcus Semien,NYM,1,0.009241118764166768,0.009241118764166768,0.025142171459692053,0.6669390559884716,1.27077988734308,0.009241118764166768,0
pitcher,681517,Kyle Leahy,STL,2,0.009205714517991407,0.0046028572589957035,0.04280316097657855,0.5258441511500888,0.8412660920256596,0,0.009205714517991407
pitcher,677960,Ryan Weathers,NYY,2,0.009001775581159006,0.004500887790579503,0.036205434797172864,0.5864809937255693,1.029345542806697,0,0.009001775581159006
pitcher,605130,Scott Barlow,ATH,2,0.008945653319500825,0.004472826659750412,0.019278084900114983,0.8230207780280547,1.9717816836582607,0,0.008945653319500825
hitter,660271,Shohei Ohtani,LAD,1,0.008899964016837354,0.008899964016837354,0.011036153181786967,0.9043618143391193,2.43499300913588,0.008899964016837354,0
hitter,608324,Alex Bregman,CHC,2,0.008877350831739256,0.004438675415869628,0.012670059192292249,0.9272589723790435,2.7056617452299294,0.008877350831739256,0
hitter,665833,Oneil Cruz,PIT,4,0.00887339908728392,0.00221834977182098,0.03538257283657835,0.7047193110134969,1.5294780996069197,0.00887339908728392,0
hitter,696285,Jacob Young,WSH,2,0.008866122830819993,0.004433061415409997,0.02312977663480742,0.6955264378295929,1.3740490354248818,0.008866122830819993,0
hitter,682641,Luis Matos,MIL,1,0.00885721741519571,0.00885721741519571,0.022122127368490674,0.6031099454847778,1.0638301570223674,0.00885721741519571,0
pitcher,673929,Jordan Leasure,CWS,3,0.00883571710237922,0.0029452390341264067,0.11558479534951122,0.4410932271239836,0.5602817559365123,0,0.00883571710237922
pitcher,640448,Kyle Finnegan,DET,2,0.008834074177014163,0.004417037088507081,0.05303495978257322,0.4817449162176465,0.6937370061688182,0,0.008834074177014163
pitcher,668674,Lucas Erceg,KC,1,0.008813845473082421,0.008813845473082421,0.03723385021032244,0.5250179515885969,0.8251165837550642,0,0.008813845473082421
hitter,676356,Jonny DeLuca,TB,2,0.008806713317725881,0.0044033566588629405,0.01304386835657445,0.8821409389970452,2.3156209734121624,0.008806713317725881,0
pitcher,701542,Will Warren,NYY,2,0.008800068029459896,0.004400034014729948,0.042682504628104634,0.5577810955335318,0.9241218932027915,0,0.008800068029459896
hitter,650490,Yandy Díaz,TB,2,0.008677479004311652,0.004338739502155826,0.03501917241264407,0.5927221111259956,1.0390615416645372,0.008677479004311652,0
hitter,647304,Josh Naylor,SEA,1,0.008665075772843575,0.008665075772843575,0.009849285078252723,0.9635058429622292,3.2050697891463233,0.008665075772843575,0
hitter,690993,Colt Keith,DET,1,0.008605203404418688,0.008605203404418688,0.026634468403763156,0.5247260405115909,0.8242386781523954,0.008605203404418688,0
pitcher,547973,Aroldis Chapman,BOS,1,0.008591032045513217,0.008591032045513217,0.01248131250277118,0.8364143923173022,1.9738407953734258,0,0.008591032045513217
pitcher,592836,Taijuan Walker,PHI,2,0.008475888816724795,0.004237944408362397,0.025532942932640745,0.6520557525489807,1.2589851610151956,0,0.008475888816724795
pitcher,675989,Cody Bolton,HOU,1,0.008457285788841142,0.008457285788841142,0.015311874919479274,0.7424236679535596,1.5439529624863617,0,0.008457285788841142
hitter,664059,Sam Haggerty,TEX,1,0.00844618323645935,0.00844618323645935,0.029239437934089313,0.487085767409097,0.7112486835685594,0.00844618323645935,0
pitcher,693645,Cam Schlittler,NYY,1,0.008322460066129814,0.008322460066129814,0.008993974561385634,0.9787454885123397,3.6222768447882467,0,0.008322460066129814
hitter,808982,Jung Hoo Lee,SF,3,0.00817390292754041,0.0027246343091801364,0.0559836115781721,0.5388033688258705,0.8931244242585272,0.00817390292754041,0
pitcher,571578,Patrick Corbin,TOR,1,0.008021064635687556,0.008021064635687556,0.019133962343402255,0.6348520911499435,1.1648171574095274,0,0.008021064635687556
hitter,666211,Taylor Trammell,HOU,1,0.008015109266811645,0.008015109266811645,0.015104141872866794,0.7315181595301182,1.5017540751059268,0.008015109266811645,0
pitcher,690928,Hunter Dobbins,STL,1,0.007979811504675617,0.007979811504675617,0.021889429273644123,0.6873500515501405,1.340819632337869,0,0.007979811504675617
pitcher,455119,Chris Martin,TEX,1,0.007970282942025328,0.007970282942025328,0.01046962686831332,0.8851912372496425,2.281901923051278,0,0.007970282942025328
pitcher,645261,Sandy Alcantara,MIA,3,0.007954366969568402,0.0026514556565228006,0.04409950588959638,0.5485138604589145,0.9021475035373712,0,0.007954366969568402
hitter,702284,Cole Young,SEA,1,0.007942135511051912,0.007942135511051912,0.019412130847337616,0.7269837281530657,1.4845295233924012,0.007942135511051912,0
pitcher,668933,Graham Ashcraft,CIN,1,0.00793945938459592,0.00793945938459592,0.017711193043020157,0.6631736707989253,1.2581020866674422,0,0.00793945938459592
pitcher,641816,Tyler Mahle,SF,1,0.007813769492127597,0.007813769492127597,0.010732258885115309,0.8675356254569339,2.159507129914604,0,0.007813769492127597
pitcher,672782,Yoendrys Gómez,TB,1,0.007796897844671163,0.007796897844671163,0.011686432715532463,0.830789974286308,1.9434272440077516,0,0.007796897844671163
pitcher,676879,Aaron Ashby,MIL,1,0.007792080527551971,0.007792080527551971,0.03864992737635742,0.49619782144073804,0.7385932444488681,0,0.007792080527551971
hitter,695506,Jac Caglianone,KC,1,0.007790627721825558,0.007790627721825558,0.021337070196063818,0.5849369323637382,1.0073051659520065,0.007790627721825558,0
hitter,682177,Daniel Schneemann,CLE,2,0.0076536100980579246,0.0038268050490289623,0.02580260250624533,0.6414036545506894,1.1951637397057677,0.0076536100980579246,0
hitter,669707,Jared Triolo,PIT,1,0.007611637671438724,0.007611637671438724,0.025797250042546738,0.5097854328757258,0.7793600474933697,0.007611637671438724,0
pitcher,665871,Javier Assad,CHC,2,0.007556286580585066,0.003778143290292533,0.041956072267530176,0.5690233147255239,1.0433032421217008,0,0.007556286580585066
hitter,666176,Jo Adell,LAA,1,0.007476288387212997,0.007476288387212997,0.07424342160493769,0.31056614779583047,0.15189461874173027,0.007476288387212997,0
pitcher,663623,Jake Irvin,WSH,1,0.007453174038315512,0.007453174038315512,0.011036153181786967,0.839588351928342,1.9913763020966302,0,0.007453174038315512
pitcher,592791,Jameson Taillon,CHC,2,0.0072511438747811996,0.0036255719373905998,0.04681821471916031,0.4301039577289256,0.5389170054620951,0,0.0072511438747811996
pitcher,552640,Andrew Kittredge,BAL,1,0.007226205352054402,0.007226205352054402,0.056358583405574314,0.2738189956032696,0.018500990254823435,0,0.007226205352054402
hitter,670242,Matt Wallner,MIN,1,0.007209167868201379,0.007209167868201379,0.010469913577105472,0.9013984206127007,2.4096450588740503,0.007209167868201379,0
pitcher,686993,Justin Sterner,ATH,2,0.007102509365722636,0.003551254682861318,0.03678965946307988,0.6985290178199974,1.595944254302851,0,0.007102509365722636
pitcher,669160,Dustin May,STL,1,0.007060651573950376,0.007060651573950376,0.013928463603542163,0.7277752566498927,1.4875232247720875,0,0.007060651573950376
hitter,691406,Junior Caminero,TB,1,0.006994179332223515,0.006994179332223515,0.020945542925145777,0.5673397831970544,0.9532542659162555,0.006994179332223515,0
hitter,645277,Ozzie Albies,ATL,2,0.006934395508986457,0.0034671977544932283,0.011616400675951044,0.9087972602979439,2.5845623632578096,0.006934395508986457,0
pitcher,676263,Jack Dreyer,LAD,1,0.006922386307271704,0.006922386307271704,0.012001854060397665,0.7820144379944985,1.708083279015129,0,0.006922386307271704
hitter,624428,Adam Frazier,LAA,1,0.006879534008287256,0.006879534008287256,0.013450781886137034,0.8177224588746941,1.8757443824576456,0.006879534008287256,0
pitcher,801403,Chase Dollander,COL,1,0.006873968606527035,0.006873968606527035,0.0089138784309164,0.8990836997778023,2.3903135030545997,0,0.006873968606527035
hitter,620443,Luis Torrens,NYM,1,0.006827968547740286,0.006827968547740286,0.013091854863998775,0.7431976226824927,1.546991369621904,0.006827968547740286,0
hitter,518692,Freddie Freeman,LAD,1,0.006826521648275616,0.006826521648275616,0.012644434819127082,0.757024410273236,1.6023258858673763,0.006826521648275616,0
hitter,596142,Gary Sánchez,MIL,2,0.006806510396332803,0.0034032551981664017,0.054912815932595394,0.5059329992397216,0.7727208411742132,0.006806510396332803,0
pitcher,689254,Mason Fluharty,TOR,2,0.006784366019128464,0.003392183009564232,0.025839587181474666,0.6852969155558388,1.3347761442505424,0,0.006784366019128464
pitcher,542888,Shawn Armstrong,CLE,1,0.006774915582865535,0.006774915582865535,0.014991589256389992,0.7814225512658327,1.7054817255776853,0,0.006774915582865535
hitter,571970,Max Muncy,LAD,2,0.006724557863630756,0.003362278931815378,0.040788665658507806,0.5241899533549004,0.8299007431502012,0.006724557863630756,0
pitcher,665152,Dean Kremer,BAL,3,0.006677889803569363,0.0022259632678564545,0.01857723948435419,0.8131638881780532,1.8588357203614219,0,0.006677889803569363
pitcher,676083,Janson Junk,MIA,3,0.006631960787280736,0.0022106535957602453,0.029936189624175102,0.6838751972781615,1.398711863196974,0,0.006631960787280736
pitcher,607200,Erick Fedde,CWS,3,0.006473134690191153,0.002157711563397051,0.017280818272385645,0.7902001913128069,1.7955496537743452,0,0.006473134690191153
pitcher,669062,Erik Miller,SF,2,0.006400183698766493,0.0032000918493832464,0.04224877309737146,0.6284869334053524,1.6540276084825698,0,0.006400183698766493
hitter,672695,Geraldo Perdomo,AZ,2,0.006340004396099576,0.003170002198049788,0.04577116408007342,0.42281602592912393,0.5160448664478061,0.006340004396099576,0
pitcher,572955,Pierce Johnson,CIN,1,0.006338620181104465,0.006338620181104465,0.026252218874997846,0.4697091332956681,0.6590159825169839,0,0.006338620181104465
hitter,665561,Rafael Marchán,PHI,2,0.006335253326574441,0.0031676266632872205,0.030101890988387392,0.5475434800155394,0.8932171963725422,0.006335253326574441,0
pitcher,681217,Chase Silseth,LAA,2,0.006235880330720682,0.003117940165360341,0.03241196673074431,0.5389292701769562,0.8700274651478894,0,0.006235880330720682
hitter,687462,Spencer Horwitz,PIT,3,0.006140674688153557,0.0020468915627178523,0.06080367591575675,0.6007074366152764,1.1674231303529066,0.006140674688153557,0
hitter,664040,Brandon Lowe,PIT,2,0.006072074476007465,0.0030360372380037323,0.03855546696843032,0.7036776887421399,1.8462233182008334,0.006072074476007465,0
pitcher,664208,Phil Maton,CHC,1,0.006008133608217496,0.006008133608217496,0.030538538116817754,0.4136887756424783,0.4884473949631829,0,0.006008133608217496
pitcher,641778,Eric Lauer,TOR,2,0.006002569708205027,0.0030012848541025134,0.010557132069902359,0.8622164171806969,2.1266536219131127,0,0.006002569708205027
hitter,702332,Caleb Durbin,BOS,1,0.0059904550754909264,0.0059904550754909264,0.01521071421601522,0.6522063092908187,1.221563606987551,0.0059904550754909264,0
pitcher,518585,Fernando Cruz,NYY,1,0.005976444755413,0.005976444755413,0.02248871413758957,0.6337826505366979,1.1613592987714245,0,0.005976444755413
pitcher,605540,Brandon Woodruff,MIL,3,0.00584343442886983,0.0019478114762899433,0.048444663137736765,0.5018541197276291,0.7632891938359894,0,0.00584343442886983
hitter,682829,Elly De La Cruz,CIN,2,0.005818709780066839,0.0029093548900334196,0.05228289063248147,0.5095698115027499,0.7864225080987155,0.005818709780066839,0
hitter,572233,Christian Walker,HOU,1,0.005812529736612163,0.005812529736612163,0.007618558959955279,0.9402344358731198,2.816774699748212,0.005812529736612163,0
pitcher,673540,Kodai Senga,NYM,1,0.005811130414052238,0.005811130414052238,0.04460641897541384,0.30606736628180853,0.13607275705910382,0,0.005811130414052238
hitter,553869,Elias Díaz,KC,1,0.005801071866255936,0.005801071866255936,0.0638527548808738,0.32851552163248865,0.21381988950077213,0.005801071866255936,0
hitter,686668,Brenton Doyle,COL,2,0.005778608238179853,0.0028893041190899264,0.008676982889722351,0.923472360918496,2.708918689569562,0.005778608238179853,0
hitter,663697,Jonathan India,KC,2,0.005764623871145068,0.002882311935572534,0.04439843780713931,0.49579438244027435,0.735520888625776,0.005764623871145068,0
hitter,687363,Victor Scott II,STL,2,0.005743288060430569,0.0028716440302152843,0.011846038904455791,0.8202603984689776,2.002053567835312,0.005743288060430569,0
hitter,655316,Andruw Monasterio,BOS,2,0.005738441708200555,0.0028692208541002775,0.04086714104539366,0.4715294467145577,0.6621532319571339,0.005738441708200555,0
pitcher,607192,Tyler Glasnow,LAD,3,0.0056505906543725185,0.0018835302181241728,0.05824495542342556,0.4279650644301352,0.5321287061407025,0,0.0056505906543725185
hitter,609280,Miguel Andujar,SD,1,0.0056238791460161705,0.0056238791460161705,0.0059013699545739096,0.9838680983380657,3.833019795381542,0.0056238791460161705,0
pitcher,668964,Tobias Myers,NYM,2,0.005602840933890255,0.0028014204669451273,0.03381237112651814,0.6458190085015041,1.4938935772327007,0,0.005602840933890255
hitter,678882,Ceddanne Rafaela,BOS,2,0.00558858896669027,0.002794294483345135,0.008759128649206915,0.916459432507285,2.6044823284342087,0.00558858896669027,0
pitcher,669276,Dylan Lee,ATL,1,0.0055728296719561475,0.0055728296719561475,0.04269813146909318,0.312470620980906,0.15855441761212097,0,0.0055728296719561475
hitter,664034,Ty France,SD,1,0.005550980217257948,0.005550980217257948,0.012644434819127082,0.7037535170300698,1.3989272673375384,0.005550980217257948,0
hitter,676475,Alec Burleson,STL,2,0.005515091630418746,0.002757545815209373,0.029041953235300122,0.6090181433293677,1.1548604685294743,0.005515091630418746,0
pitcher,622491,Luis Castillo,SEA,1,0.005496861601614323,0.005496861601614323,0.0334911833739841,0.3750037470849762,0.3668927728234683,0,0.005496861601614323
pitcher,623437,Justin Topa,MIN,1,0.005439574739670007,0.005439574739670007,0.010302249750138825,0.8522084341527952,2.0640211467610428,0,0.005439574739670007
pitcher,700249,Cade Povich,BAL,2,0.00537700265788627,0.002688501328943135,0.010038805383541759,0.8676016734800956,2.350109855613675,0,0.00537700265788627
hitter,521692,Salvador Perez,KC,2,0.005366445315667088,0.002683222657833544,0.020575341540172487,0.7180931322984581,1.691302150922888,0.005366445315667088,0
hitter,518595,Travis d'Arnaud,LAA,1,0.005291843026031345,0.005291843026031345,0.006622320730668485,0.9544704981887076,3.032097170443432,0.005291843026031345,0
pitcher,669947,Jesse Scholtens,TB,1,0.005286219186125777,0.005286219186125777,0.01008163586718469,0.7757226476567846,1.6806836830775689,0,0.005286219186125777
hitter,677595,Ronny Mauricio,NYM,1,0.005285970943304438,0.005285970943304438,0.0221722199584255,0.4955145181259327,0.7365431933769013,0.005285970943304438,0
hitter,656305,Matt Chapman,SF,1,0.0052828631402277535,0.0052828631402277535,0.010213985021437,0.7707945842531837,1.659602472677813,0.0052828631402277535,0
hitter,808975,Hyeseong Kim,LAD,1,0.0051973662575331755,0.0051973662575331755,0.011889056012861637,0.7114289709931717,1.42675074441828,0.0051973662575331755,0
hitter,664728,Kyle Isbel,KC,2,0.005140952846161029,0.0025704764230805146,0.013586149799145408,0.8045811530552371,1.8512590754952916,0.005140952846161029,0
pitcher,664126,Pete Fairbanks,MIA,1,0.0050503360307499945,0.0050503360307499945,0.01234713786469066,0.6914298095738649,1.355109226689609,0,0.0050503360307499945
pitcher,666171,Ryan Zeferjahn,LAA,1,0.005041665550424416,0.005041665550424416,0.01871080274310083,0.6691147040235318,1.2781377929155049,0,0.005041665550424416
pitcher,681751,Lazaro Estrada,TOR,1,0.0050388849392410595,0.0050388849392410595,0.011251777986734435,0.7245054003658618,1.4751908919803922,0,0.0050388849392410595
pitcher,676742,Cam Sanders,PIT,1,0.005006662654989483,0.005006662654989483,0.007552259070446543,0.9155752671960787,2.5377691302496643,0,0.005006662654989483
hitter,606192,Teoscar Hernández,LAD,1,0.004980298502412239,0.004980298502412239,0.007159617869114954,0.8819412524053943,2.2582073137447995,0.004980298502412239,0
hitter,810938,Ben Williamson,TB,2,0.004954664143666995,0.0024773320718334975,0.017795733464842534,0.699456495950394,1.4193687643622626,0.004954664143666995,0
hitter,641598,Mitch Garver,SEA,1,0.004918762949543753,0.004918762949543753,0.044606418975413786,0.2901055593755048,0.0788464280929495,0.004918762949543753,0
hitter,691785,Marcelo Mayer,BOS,1,0.004916275274825799,0.004916275274825799,0.013333061251227449,0.658313439382925,1.2418405066095257,0.004916275274825799,0
hitter,646240,Rafael Devers,SF,2,0.004865973862036617,0.0024329869310183083,0.0231515609363922,0.6009744504351628,1.0593804836454468,0.004865973862036617,0
hitter,670623,Isaac Paredes,HOU,3,0.004838960323548895,0.0016129867745162984,0.036816657063622416,0.6310559355655571,1.4550578333644673,0.004838960323548895,0
pitcher,680704,Nick Sandlin,LAA,1,0.004825287014843976,0.004825287014843976,0.008685389377699804,0.8068537825356045,1.8222712199204336,0,0.004825287014843976
pitcher,669684,Chris Murphy,CWS,1,0.004804448385107035,0.004804448385107035,0.016030348714142884,0.7094020452130696,1.4193612841048378,0,0.004804448385107035
pitcher,592773,Ryne Stanek,STL,1,0.0047512608321880105,0.0047512608321880105,0.016577821235380097,0.5757717110194089,0.9790796395157155,0,0.0047512608321880105
pitcher,672582,Angel Zerpa,MIL,2,0.00472207461170365,0.002361037305851825,0.07467102618820354,0.5089010964212781,0.7832279943917257,0,0.00472207461170365
pitcher,656427,Jack Flaherty,DET,3,0.004715725900477083,0.0015719086334923611,0.05943736779694575,0.45021846645210334,0.5860422815055362,0,0.004715725900477083
hitter,807799,Masataka Yoshida,BOS,1,0.004633274892582402,0.004633274892582402,0.011031084804243196,0.7135020547481362,1.4343404643709645,0.004633274892582402,0
hitter,687263,Zach Neto,LAA,1,0.004523949669840973,0.004523949669840973,0.014525125518413562,0.6127346664223702,1.0941164424860794,0.004523949669840973,0
hitter,687551,Drew Gilbert,SF,1,0.004522337370917215,0.004522337370917215,0.007773665893763271,0.8929556763342925,2.3409704673944383,0.004522337370917215,0
pitcher,642528,Jonathan Loáisiga,AZ,1,0.004441672114997282,0.004441672114997282,0.014140461968811247,0.6187651833640363,1.113232762830418,0,0.004441672114997282
hitter,700932,Kyle Manzardo,CLE,2,0.004434274945307444,0.002217137472653722,0.032460265650420886,0.612048684117465,1.230563198645773,0.004434274945307444,0
hitter,673357,Luis Robert Jr.,NYM,1,0.004424189286261796,0.004424189286261796,0.01041875019750639,0.7239914425677748,1.4732607766742802,0.004424189286261796,0
hitter,694377,Nick Yorke,PIT,2,0.004373186630995201,0.0021865933154976004,0.005258232874354487,0.9825106645067279,3.772406241086529,0.004373186630995201,0
hitter,672761,Wenceel Pérez,DET,1,0.004317840236152358,0.004317840236152358,0.014140461968811302,0.6138976664535034,1.0977943500745635,0.004317840236152358,0
hitter,683002,Gunnar Henderson,BAL,2,0.00426527967713947,0.002132639838569735,0.018959009401395277,0.6644022384266457,1.3044859485017406,0.00426527967713947,0
hitter,669701,Josh Smith,TEX,1,0.004221263362899356,0.004221263362899356,0.012387955842755816,0.6552386143376752,1.231610193010825,0.004221263362899356,0
pitcher,663978,Chris Paddack,MIA,2,0.004216626671736497,0.0021083133358682487,0.02950334288374365,0.5693957299416239,0.9969488002157318,0,0.004216626671736497
hitter,656941,Kyle Schwarber,PHI,1,0.004157108821308761,0.004157108821308761,0.008435101175120335,0.7832292666832255,1.713438894056436,0.004157108821308761,0
pitcher,682120,Tim Herrin,CLE,1,0.004154169326464636,0.004154169326464636,0.03075112333560237,0.3675090723053394,0.34281159597020494,0,0.004154169326464636
pitcher,656794,Sean Newcomb,CWS,2,0.004141937683842658,0.002070968841921329,0.014563711635516702,0.8134522917978987,1.9366560595424986,0,0.004141937683842658
pitcher,805123,AJ Blubaugh,HOU,1,0.004124134304271559,0.004124134304271559,0.009818509175320289,0.8243480340118857,1.9095661806113453,0,0.004124134304271559
pitcher,693312,Kyle Nicolas,CIN,1,0.0041118267260143275,0.0041118267260143275,0.006968301841454187,0.8436376221374893,2.014160097236651,0,0.0041118267260143275
hitter,691023,Jordan Walker,STL,2,0.004101028529243258,0.002050514264621629,0.020820870882428635,0.6706458335366262,1.3229351381273746,0.004101028529243258,0
pitcher,657514,Brennan Bernardino,COL,1,0.003978609190421323,0.003978609190421323,0.030712728164509262,0.36366619969536057,0.330384858146763,0,0.003978609190421323
pitcher,642701,Dennis Santana,PIT,1,0.0039157684950649075,0.0039157684950649075,0.0077030572246537254,0.8007010827355002,1.7930114271013302,0,0.0039157684950649075
hitter,514888,Jose Altuve,HOU,1,0.003824288517624832,0.003824288517624832,0.008475419407104168,0.7648024148702276,1.634393677938327,0.003824288517624832,0
hitter,682626,Francisco Alvarez,NYM,2,0.0037587287361938184,0.0018793643680969092,0.012796343490025286,0.7634747315821429,1.6803113637929628,0.0037587287361938184,0
hitter,695578,James Wood,WSH,1,0.0037583008122890776,0.0037583008122890776,0.005589954614095782,0.8915536575641199,2.3300325844166707,0.0037583008122890776,0
pitcher,544150,Albert Suárez,BAL,2,0.0037267595849058404,0.0018633797924529202,0.006245815443232265,0.9116741565463884,2.576664687352709,0,0.0037267595849058404
pitcher,696147,Sam Bachman,LAA,1,0.003716199221579697,0.003716199221579697,0.03932776810870153,0.29660006321706334,0.1023442595074604,0,0.003716199221579697
hitter,663757,Trent Grisham,NYY,2,0.0036999047875151967,0.0018499523937575983,0.011063359752815471,0.8562857978506635,2.1495296244438284,0.0036999047875151967,0
hitter,691718,Pete Crow-Armstrong,CHC,1,0.0036030031362450383,0.0036030031362450383,0.010833255724436275,0.6733308159355581,1.2924665802930377,0.0036030031362450383,0
hitter,665926,Andrés Giménez,TOR,2,0.003600396673557417,0.0018001983367787085,0.012127706626447798,0.814187273713413,1.8581237732966471,0.003600396673557417,0
hitter,686780,Pedro Pagés,STL,1,0.0035628213904571257,0.0035628213904571257,0.012028291917307827,0.6371157152500324,1.1721504652621286,0.0035628213904571257,0
pitcher,607481,Aaron Bummer,ATL,1,0.0035035540007163635,0.0035035540007163635,0.0156473476081741,0.6824931827465494,1.3239399364446287,0,0.0035035540007163635
hitter,681807,David Fry,CLE,1,0.0034817406661772424,0.0034817406661772424,0.0074844948860112726,0.786911799112849,1.7298075008871354,0.0034817406661772424,0
hitter,666185,Dylan Carlson,CHC,1,0.0034098306247718774,0.0034098306247718774,0.010456937348705786,0.6760984043393816,1.3019241610756334,0.0034098306247718774,0
pitcher,657756,Connor Seabold,DET,1,0.0033969654403029547,0.0033969654403029547,0.013955930845766296,0.7111558873986047,1.4257533876483204,0,0.0033969654403029547
hitter,643376,Danny Jansen,TEX,2,0.003388266735647645,0.0016941333678238224,0.01931626888208403,0.6639894579324201,1.3244960970508681,0.003388266735647645,0
pitcher,608650,Dietrich Enns,BAL,1,0.0033475771535349747,0.0033475771535349747,0.015158038175959093,0.5536153911382738,0.9114669552841912,0,0.0033475771535349747
pitcher,605400,Aaron Nola,PHI,1,0.003345986748544319,0.003345986748544319,0.03680964992372732,0.304429293743853,0.13027964029090633,0,0.003345986748544319
hitter,676439,Hunter Feduccia,TB,1,0.003328492431760157,0.003328492431760157,0.01868069048251675,0.487930471124098,0.7137843780690964,0.003328492431760157,0
pitcher,694297,Brandon Pfaadt,AZ,1,0.003310285272806035,0.003310285272806035,0.00551167309312528,0.8690559941223549,2.169478321902948,0,0.003310285272806035
hitter,691176,Jasson Domínguez,NYY,1,0.0032794281010746955,0.0032794281010746955,0.005531888554659914,0.8661789824552026,2.1506912604374193,0.0032794281010746955,0
hitter,671277,Luis García Jr.,WSH,1,0.00327906672349666,0.00327906672349666,0.005013072215770575,0.8937045414046795,2.346864501032218,0.00327906672349666,0
hitter,681297,Colton Cowser,BAL,1,0.0032420632071096574,0.0032420632071096574,0.013650859444974461,0.5828281482319313,1.000795589977785,0.0032420632071096574,0
hitter,687093,Vaughn Grissom,LAA,1,0.0031749532799600156,0.0031749532799600156,0.01965170034199587,0.4676626201475632,0.652852258373759,0.0031749532799600156,0
hitter,682663,Agustín Ramírez,MIA,1,0.003137427022544042,0.003137427022544042,0.007492230940100153,0.7682657300542465,1.6489082617006758,0.003137427022544042,0
hitter,691783,Jordan Lawlar,AZ,1,0.0031366887876456647,0.0031366887876456647,0.006283476592415016,0.8210372227454279,1.8925429581060165,0.0031366887876456647,0
pitcher,621112,Paul Blackburn,NYY,1,0.0031038580108001647,0.0031038580108001647,0.014810660533933095,0.5516466346027933,0.9054945022743635,0,0.0031038580108001647
pitcher,647336,Michael Soroka,AZ,1,0.0030761540222872313,0.0030761540222872313,0.014256577316913654,0.5625226666316118,0.9385549008666381,0,0.0030761540222872313
pitcher,687396,Brent Headrick,NYY,1,0.0030733647531372196,0.0030733647531372196,0.005865792623687915,0.8373260162366585,1.9788490514894015,0,0.0030733647531372196
hitter,608348,Carson Kelly,CHC,1,0.0030391973096264933,0.0030391973096264933,0.017765031506276674,0.4933487619488699,0.7300451087460114,0.0030391973096264933,0
hitter,665489,Vladimir Guerrero Jr.,TOR,1,0.0030032135682052613,0.0030032135682052613,0.003962039664385186,0.9371757565001355,2.776897347238428,0.0030032135682052613,0
pitcher,665660,Elvis Alvarado,ATH,1,0.0029741476096557355,0.0029741476096557355,0.034641779197205014,0.4467741563648753,0.5897151814369392,0,0.0029741476096557355
hitter,673548,Seiya Suzuki,CHC,2,0.002942689988004812,0.001471344994002406,0.017594759299429497,0.6417339732101788,1.1927975350167297,0.002942689988004812,0
pitcher,615698,Cal Quantrill,TEX,2,0.0029406452572867427,0.0014703226286433713,0.010655353618071014,0.8129287388592348,2.5194885651086762,0,0.0029406452572867427
hitter,680776,Jarren Duran,BOS,1,0.002933025384073425,0.002933025384073425,0.008541453540257038,0.7173378379358916,1.4484708760060485,0.002933025384073425,0
pitcher,605288,Adrian Houser,SF,1,0.002924666037546872,0.002924666037546872,0.007962007594078752,0.7384830458648357,1.5285742714550157,0,0.002924666037546872
hitter,680700,Richie Palacios,TB,1,0.002848147147535154,0.002848147147535154,0.004611720165636712,0.8891651562657438,2.3116813476177818,0.002848147147535154,0
pitcher,641927,Bailey Ober,MIN,1,0.0028459004889399226,0.0028459004889399226,0.005778625077052735,0.8282809901334919,1.9301197346377998,0,0.0028459004889399226
pitcher,640455,Sean Manaea,NYM,1,0.0028377487373335824,0.0028377487373335824,0.004478431976992825,0.8960173455732744,2.3653017531100398,0,0.0028377487373335824
hitter,807712,Luke Keaschall,MIN,1,0.002831857202488686,0.002831857202488686,0.009168273819254336,0.6904274062033978,1.3515886639769534,0.002831857202488686,0
hitter,663604,Brandon Lockridge,MIL,1,0.0028280536951735824,0.0028280536951735824,0.014639199741144027,0.54466035329394,0.8843390840039245,0.0028280536951735824,0
pitcher,676428,Brant Hurter,DET,1,0.002774608635701355,0.002774608635701355,0.00418271229779954,0.9090531662014859,2.476596366997591,0,0.002774608635701355
pitcher,677865,Justin Bruihl,STL,1,0.0026868291138068476,0.0026868291138068476,0.025051059992874603,0.38477087371175683,0.3979899468127934,0,0.0026868291138068476
hitter,669016,Brandon Marsh,PHI,1,0.0026675794178976104,0.0026675794178976104,0.0028166259615696188,0.9894417728373788,4.155176652314195,0.0026675794178976104,0
hitter,687597,Jordan Beck,COL,1,0.0026412238614657007,0.0026412238614657007,0.006710152992584484,0.7740758153029501,1.673602758248801,0.0026412238614657007,0
hitter,665966,Carlos Narváez,BOS,1,0.002637713338389191,0.002637713338389191,0.0029177259660793167,0.9890267405464599,4.12594501107721,0.002637713338389191,0
hitter,696100,Hunter Goodman,COL,1,0.00252606026799295,0.00252606026799295,0.00851464083845821,0.6977699157260508,1.3775256142753203,0.00252606026799295,0
hitter,669720,Austin Hays,CWS,1,0.0024282693735274826,0.0024282693735274826,0.0063826846148546945,0.7763679369135371,1.683468320607703,0.0024282693735274826,0
hitter,671732,Lawrence Butler,ATH,1,0.0023929125171250638,0.0023929125171250638,0.004531469202241789,0.8649173580924568,2.142560406876395,0.0023929125171250638,0
pitcher,701719,Tyler Samaniego,BOS,1,0.0023687694281374736,0.0023687694281374736,0.005690924519837236,0.8044747307410447,1.8108749478388542,0,0.0023687694281374736
hitter,666152,David Hamilton,MIL,1,0.002326875926866822,0.002326875926866822,0.013743455526369242,0.5441292202075927,0.882733023065736,0.002326875926866822,0
hitter,592518,Manny Machado,SD,2,0.0023171028122479513,0.0011585514061239757,0.016535112839585753,0.6452193121509182,1.2081041718814025,0.0023171028122479513,0
pitcher,670245,Ryan Watson,BOS,1,0.00230690992756288,0.00230690992756288,0.0037993051744806966,0.9011613296325641,2.4076465268391747,0,0.00230690992756288
hitter,669236,Jeremiah Jackson,BAL,1,0.0022998505318349545,0.0022998505318349545,0.01967444375403038,0.43906682037075645,0.566287367153075,0.0022998505318349545,0
pitcher,662253,Andrés Muñoz,SEA,2,0.0022427873465878066,0.0011213936732939033,0.03927448892374796,0.5045545251575201,0.7654685257727118,0,0.0022427873465878066
pitcher,656730,Trevor Megill,MIL,1,0.0022113834981774706,0.0022113834981774706,0.032878376411263566,0.4472262006056131,0.5910867248144154,0,0.0022113834981774706
pitcher,691799,Grant Taylor,CWS,1,0.0021554428940455716,0.0021554428940455716,0.022491852095018305,0.3981860140785007,0.4402281480615411,0,0.0021554428940455716
hitter,668670,Jake Rogers,DET,2,0.001916245411901107,0.0009581227059505535,0.014083475928094613,0.730151922963504,1.6653360567226054,0.001916245411901107,0
hitter,671218,Heliot Ramos,SF,1,0.0019092772215756025,0.0019092772215756025,0.01712293118217835,0.4647401472040308,0.6440445682730171,0.0019092772215756025,0
pitcher,680767,Victor Vodnik,COL,1,0.0019011923749081734,0.0019011923749081734,0.03253588460019774,0.44437833096488133,0.5824415138316255,0,0.0019011923749081734
pitcher,687209,Zach Maxwell,CIN,1,0.0018916004200993696,0.0018916004200993696,0.011106855036107144,0.5887305647687724,1.0190400554200991,0,0.0018916004200993696
pitcher,595014,Blake Treinen,LAD,1,0.001888921121789352,0.001888921121789352,0.010467728830520384,0.7405685841716143,1.5366944055073128,0,0.001888921121789352
pitcher,670167,John Schreiber,KC,1,0.001843233769695505,0.001843233769695505,0.037678578328077916,0.40550448347767,0.46306406673827816,0,0.001843233769695505
hitter,666023,Freddy Fermin,SD,1,0.0018242625061888579,0.0018242625061888579,0.006478394262858789,0.7382141667094776,1.527530431500196,0.0018242625061888579,0
hitter,701678,Hao-Yu  Lee,DET,1,0.0017804417926785224,0.0017804417926785224,0.00876307985202468,0.6519657943423128,1.2207684981160227,0.0017804417926785224,0
hitter,680718,Addison Barger,TOR,1,0.0017156782969034571,0.0017156782969034571,0.008089838805015515,0.6712628417280462,1.28542669220076,0.0017156782969034571,0
pitcher,668984,Casey Legumina,SEA,1,0.0016950335133623842,0.0016950335133623842,0.010460070443642777,0.5971962980091774,1.0453473864660938,0,0.0016950335133623842
pitcher,605452,Joe Ross,AZ,1,0.001663078935742268,0.001663078935742268,0.001896999960461332,0.9822746817140335,3.7611577175265163,0,0.001663078935742268
hitter,668723,Ryan Vilade,TB,1,0.0016450138433123495,0.0016450138433123495,0.006740411464991047,0.7175564630791958,1.4492797330661311,0.0016450138433123495,0
pitcher,641755,Tyler Kinley,ATL,1,0.001619031653870999,0.001619031653870999,0.0670081317100138,0.27027716337449875,0.00508738297540301,0,0.001619031653870999
hitter,695020,Tanner Murray,CWS,1,0.001594731414597074,0.001594731414597074,0.005449483266187216,0.7698584612832882,1.6556341320452344,0.001594731414597074,0
hitter,701538,Jackson Merrill,SD,1,0.0014513977137766351,0.0014513977137766351,0.017409461690565634,0.6011427471779266,1.0576716239316077,0.0014513977137766351,0
pitcher,666974,Yennier Cano,BAL,1,0.0014001031358127792,0.0014001031358127792,0.037710424530882136,0.3979428651430476,0.4394670681426911,0,0.0014001031358127792
pitcher,690990,Cade Horton,CHC,1,0.001394335796292535,0.001394335796292535,0.0054349489625640235,0.758552405788012,1.6085695795490658,0,0.001394335796292535
pitcher,681895,Evan Sisk,PIT,1,0.0013692517834473649,0.0013692517834473649,0.00164254259250117,0.9788843029025728,3.6272975658972615,0,0.0013692517834473649
pitcher,687606,Paxton Schultz,WSH,1,0.0013458801571697037,0.0013458801571697037,0.00445160478828889,0.8028312243189182,1.8030633143505437,0,0.0013458801571697037
pitcher,663969,Tyler Phillips,MIA,1,0.0013436073552580245,0.0013436073552580245,0.005410504729158994,0.8548081366892571,2.0796157344046633,0,0.0013436073552580245
pitcher,656848,Michael Petersen,MIA,1,0.0013351070174798623,0.0013351070174798623,0.0022717462582020342,0.9309860925114101,2.7014522226348214,0,0.0013351070174798623
hitter,664702,Myles Straw,TOR,1,0.001327621415957353,0.001327621415957353,0.03482917219469034,0.2737448086573478,0.018221145639987668,0.001327621415957353,0
hitter,686681,Michael Massey,KC,1,0.0012879576620943162,0.0012879576620943162,0.019955509406885397,0.40274364107216465,0.4544653499996656,0.0012879576620943162,0
hitter,677594,Julio Rodríguez,SEA,1,0.001282080265788502,0.001282080265788502,0.012170245392350343,0.5360864386142882,0.8584478770388735,0.001282080265788502,0
pitcher,688642,Zach Agnos,COL,1,0.0012595433622541734,0.0012595433622541734,0.006100630831624265,0.7217866687584797,1.465006068469227,0,0.0012595433622541734
pitcher,628452,Raisel Iglesias,ATL,1,0.0012347673836408442,0.0012347673836408442,0.021299815126269106,0.3845042474961848,0.39714509323161895,0,0.0012347673836408442
pitcher,685299,Tanner Gordon,COL,1,0.0011675605113519254,0.0011675605113519254,0.003928899668618174,0.8186776971840931,1.880560760991714,0,0.0011675605113519254
hitter,642201,Eli White,ATL,1,0.001098784187248126,0.001098784187248126,0.0071305985680257256,0.7971176272493681,1.7762819166708068,0.001098784187248126,0
pitcher,696270,Ryan Johnson,LAA,1,0.0010491566858745938,0.0010491566858745938,0.003056224699605741,0.8601952772593294,2.1126846140259303,0,0.0010491566858745938
pitcher,699134,Bradgley Rodriguez,SD,1,0.0010197255091989486,0.0010197255091989486,0.007133749570462533,0.6683244481599967,1.2754623891461194,0,0.0010197255091989486
hitter,668901,Mark Vientos,NYM,1,0.0010146383199758214,0.0010146383199758214,0.007406097136708839,0.6583221625535975,1.241869592186342,0.0010146383199758214,0
hitter,677951,Bobby Witt Jr.,KC,1,0.0009777204120960566,0.0009777204120960566,0.01008163586718469,0.5742180106499334,0.974311260389582,0.0009777204120960566,0
pitcher,543056,Danny Coulombe,BOS,1,0.0009364974590204359,0.0009364974590204359,0.019030422082517484,0.4034397353828313,0.45663514129416827,0,0.0009364974590204359
hitter,663656,Kyle Tucker,LAD,1,0.0009052258800843309,0.0009052258800843309,0.05183928008089364,0.31576374535784135,0.1700182748867558,0.0009052258800843309,0
hitter,800050,Chase DeLauter,CLE,1,0.0009039835575470629,0.0009039835575470629,0.01308914536020378,0.500385863354627,0.7511575902936865,0.0009039835575470629,0
pitcher,595345,Steven Okert,HOU,1,0.0008152590285447764,0.0008152590285447764,0.010689107698362288,0.5509663782058378,0.9034320159455724,0,0.0008152590285447764
pitcher,837227,Tatsuya Imai,HOU,1,0.0008033427959477472,0.0008033427959477472,0.019738666210837197,0.3899440366971003,0.4143394028250178,0,0.0008033427959477472
hitter,621438,Tyrone Taylor,NYM,1,0.000786614145019729,0.000786614145019729,0.004793910658157097,0.8537157924203088,2.073035239422088,0.000786614145019729,0
pitcher,594580,Sam Moll,CIN,1,0.0007633038640938693,0.0007633038640938693,0.0012998899005810284,0.9574134345045019,3.08452235216802,0,0.0007633038640938693
pitcher,700842,Eduardo Rivera,BOS,1,0.0007573219158354622,0.0007573219158354622,0.0015313394468641564,0.9396775734728259,2.8093746442626006,0,0.0007573219158354622
hitter,502671,Paul Goldschmidt,NYY,1,0.0006766741195208441,0.0006766741195208441,0.008133998806193699,0.6162743056104247,1.1053231544489837,0.0006766741195208441,0
pitcher,689441,Coleman Crow,MIL,1,0.0005971893884124751,0.0005971893884124751,0.006485392632380627,0.6689303764231829,1.2775134654042821,0,0.0005971893884124751
hitter,665862,Jazz Chisholm Jr.,NYY,1,0.0005879712588214136,0.0005879712588214136,0.03239217981339404,0.27208464557259515,0.011946333597466108,0.0005879712588214136,0
hitter,672724,Oswald Peraza,LAA,1,0.0005715239443581091,0.0005715239443581091,0.011998726998540654,0.5095353040147514,0.7786093806776968,0.0005715239443581091,0
hitter,666310,Bo Naylor,CLE,1,0.0005339358137935456,0.0005339358137935456,0.0008671423748719542,0.9726142301279749,3.42747299859791,0.0005339358137935456,0
hitter,602104,Ramón Urías,STL,1,0.0005098304761214055,0.0005098304761214055,0.01652992789112917,0.4243572071879427,0.5213161900363694,0.0005098304761214055,0
