challenge_team_id,challenge_team_abbr,challenge_team_name,attempts,overturns,confirms,overturn_rate,direct_wpa,option_wpa_proxy,total_xwpa,risk_adjusted_xwpa,xwpa_per_challenge,risk_adjusted_per_challenge,wpa_if_overturned,savant_challenge_runs,strikeout_flips,walk_flips,exhausting_fails,batting_xwpa,fielding_xwpa,missed_opportunities,missed_xwpa,missed_xwpa_per_opportunity,missed_wpa_if_overturned,avg_missed_overturn_probability,avg_zone_distance_inches,missed_batting_xwpa,missed_fielding_xwpa,decision_xwpa,decision_risk_adjusted_xwpa,decision_batting_xwpa,decision_fielding_xwpa,decision_xwpa_per_opportunity
145,CWS,Chicago White Sox,80,36,44,0.45,1.129263744563875,-0.9944000000000001,1.129263744563875,0.13486374456387487,0.014115796807048437,0.001685796807048436,2.284377453508132,-1.3553333012634172,7,5,16,0.34288917350568293,0.7863745710581921,267,2.3391162370854053,0.008760734970357323,5.717663833201536,0.6651553869756377,1.4286437392899105,0.9574347784580145,1.381681458627391,-1.2098524925215304,-2.2042524925215305,-0.6145456049523316,-0.5953068875691988,-0.0034866066066902893
115,COL,Colorado Rockies,85,46,39,0.5411764705882353,1.0764462653331097,-0.8814000000000001,1.0764462653331097,0.19504626533310976,0.01266407370980129,0.002294661945095409,2.0396696080190204,1.4232238803409194,18,7,11,0.3201265382681113,0.7563197270649985,254,2.086970335011714,0.008216418641778401,5.176339601680926,0.6668284267908283,1.4467123118631682,0.9660147261780975,1.1209556088336163,-1.0105240696786042,-1.8919240696786042,-0.6458881879099861,-0.36463588176861783,-0.002980896960703847
108,LAA,Los Angeles Angels,77,42,35,0.5454545454545454,0.9153747967833017,-0.791,0.9153747967833017,0.1243747967833016,0.011887984373809113,0.001615257101081839,1.642335626414539,1.4148969549946884,10,8,10,0.40003458055983054,0.5153402162234711,313,2.525183899252979,0.008067680189306642,6.691362151814708,0.657777666514043,1.3816635107861337,0.9240201929983989,1.6011637062545803,-1.6098091024696772,-2.4008091024696774,-0.5239856124385683,-1.085823490031109,-0.004127715647358147
133,ATH,Athletics,72,41,31,0.5694444444444444,0.8571511619008453,-0.7006000000000001,0.8571511619008453,0.15655116190084525,0.011904877248622851,0.0021743216930672953,1.5310131921426071,1.3400613585648884,12,7,10,0.23205656441454095,0.6250945974863044,268,2.2845586822857853,0.008524472695096213,5.637207694347386,0.67181870211103,1.4611004261161964,0.8481211388021999,1.4364375434835857,-1.4274075203849401,-2.1280075203849402,-0.6160645743876589,-0.8113429459972813,-0.004198257412896883
136,SEA,Seattle Mariners,70,41,29,0.5857142857142857,0.8131080229454816,-0.6554000000000001,0.8131080229454816,0.15770802294548147,0.011615828899221164,0.002252971756364021,1.5495448015209718,1.7605311852152188,13,5,8,0.34584679552217107,0.46726122742331044,288,2.963651962148265,0.010290458201903697,7.0511644356733125,0.6510669869565322,1.3852657822877594,1.5814578027572617,1.3821941593910034,-2.1505439392027834,-2.8059439392027836,-1.2356110072350905,-0.914932931967693,-0.006007105975426769
142,MIN,Minnesota Twins,90,48,42,0.5333333333333333,0.8026779282511388,-0.9492,0.8026779282511388,-0.14652207174886123,0.008918643647234875,-0.0016280230194317914,1.8050857586807372,-0.21175344651458955,18,6,15,0.2621385144592583,0.5405394137918805,252,1.9841061170032341,0.007873436972235056,5.185073417839133,0.6592382435183889,1.3933739504837175,0.8371251971379148,1.1469809198653196,-1.1814281887520952,-2.1306281887520955,-0.5749866826786565,-0.606441506073439,-0.003454468388164021
138,STL,St. Louis Cardinals,59,35,24,0.5932203389830508,0.7877365933436925,-0.5424,0.7877365933436925,0.2453365933436925,0.013351467683791399,0.004158247344808348,1.4042969606744915,2.361425474611725,10,8,5,0.23376744497550983,0.5539691483681827,296,2.558469176376727,0.008643476947218672,6.0977913474940895,0.6674903793146424,1.417979290570266,1.4029542566795612,1.1555149196971661,-1.7707325830330345,-2.3131325830330347,-1.1691868117040514,-0.6015457713289835,-0.0049879791071353085
110,BAL,Baltimore Orioles,61,31,30,0.5081967213114754,0.7305877477409451,-0.678,0.7305877477409451,0.05258774774094511,0.011976848323622051,0.0008620942252613952,1.3927780334616806,0.6818626307754154,11,7,9,0.39587531283538563,0.3347124349055595,352,2.840973771778341,0.008070948215279379,7.201516686179592,0.671464001792502,1.4547321793512409,1.2758104215835069,1.5651633501948343,-2.110386024037396,-2.788386024037396,-0.8799351087481213,-1.2304509152892749,-0.005109893520671661
143,PHI,Philadelphia Phillies,56,30,26,0.5357142857142857,0.7249178337499079,-0.5876,0.7249178337499079,0.13731783374990789,0.012944961316962642,0.002452104174105498,1.2573727615206731,2.0540997198261257,7,9,4,0.2635177778041391,0.4614000559457689,240,2.2298028952111126,0.009290845396712969,5.011016352670743,0.6778712420472607,1.4612147417308534,1.0585945251281492,1.1712083700829634,-1.5048850614612048,-2.092485061461205,-0.7950767473240101,-0.7098083141371945,-0.0050840711535851514
146,MIA,Miami Marlins,81,43,38,0.5308641975308642,0.7235994620156303,-0.8588000000000001,0.7235994620156303,-0.13520053798436973,0.008933326691550992,-0.0016691424442514782,1.6606295969396037,-1.8720250708369077,6,3,13,0.18671022990024116,0.5368892321153892,284,2.1795356761782907,0.007674421394993981,5.821410095999835,0.6546025303645663,1.3686279532228443,1.1610269277028173,1.0185087484754731,-1.4559362141626604,-2.3147362141626604,-0.9743166978025761,-0.48161951636008393,-0.003988866340171673
118,KC,Kansas City Royals,63,38,25,0.6031746031746031,0.6685535064496912,-0.5650000000000001,0.6685535064496912,0.1035535064496912,0.010611960419836369,0.0016437064515824001,1.3150950672245245,1.1061017860274567,6,4,7,0.24655697136229823,0.42199653508739304,268,2.2268074127189608,0.008308982883279704,5.777858079993392,0.6493748291379466,1.3478931472679876,0.8450362635799673,1.3817711491389937,-1.5582539062692695,-2.1232539062692695,-0.598479292217669,-0.9597746140516006,-0.00470771572891018
141,TOR,Toronto Blue Jays,67,36,31,0.5373134328358209,0.6587667230128381,-0.7006000000000001,0.6587667230128381,-0.04183327698716193,0.009832339149445346,-0.0006243772684651034,1.1686438542126105,-1.4062711229426554,11,3,11,0.3268038601779226,0.3319628628349155,261,2.3896561689617455,0.009155770762305539,5.613914344358034,0.6790727839190063,1.5259262290307334,1.102737487869342,1.2869186810924034,-1.7308894459489075,-2.4314894459489076,-0.7759336276914193,-0.9549558182574879,-0.005277101969356425
135,SD,San Diego Padres,62,38,24,0.6129032258064516,0.6447688438055854,-0.5424,0.6447688438055854,0.10236884380558538,0.010399497480735249,0.0016511103839610545,1.1304939771304776,1.3888882205017583,11,2,5,0.26876112215738174,0.3760077216482037,281,2.4901178908235124,0.00886162950471001,6.0590411542801,0.6574403888566579,1.3983026366362277,1.0371388224459015,1.4529790683776111,-1.845349047017927,-2.3877490470179272,-0.7683777002885197,-1.0769713467294075,-0.00538002637614556
119,LAD,Los Angeles Dodgers,59,33,26,0.559322033898305,0.642689050559784,-0.5876,0.642689050559784,0.05508905055978395,0.010893034755250577,0.0009337127213522703,1.4289455549732228,0.2952436650758219,10,4,6,0.21913375244838126,0.42355529811140274,304,2.7449156696668386,0.00902932786074618,6.41258444795565,0.6750969548566794,1.4674863406333802,1.3359083926046105,1.4090072770622284,-2.1022266191070544,-2.6898266191070546,-1.1167746401562293,-0.9854519789508256,-0.005791257903876183
144,ATL,Atlanta Braves,73,35,38,0.4794520547945205,0.6363846177227567,-0.8588000000000001,0.6363846177227567,-0.2224153822772434,0.008717597503051462,-0.003046786058592375,1.4391171215102394,-1.6612551958018846,14,8,13,0.3770052527238838,0.2593793649988729,254,2.519606887117471,0.009919712154005791,5.706026646303842,0.6815531412040047,1.5026333858968521,1.0423983051814534,1.4772085819360177,-1.8832222693947145,-2.7420222693947145,-0.6653930524575695,-1.2178292169371447,-0.005759089508852338
114,CLE,Cleveland Guardians,60,26,34,0.43333333333333335,0.6193716945045907,-0.7684000000000001,0.6193716945045907,-0.14902830549540935,0.010322861575076512,-0.002483805091590156,1.3023250647002904,-2.233872053000956,11,4,8,0.25650753179259755,0.3628641627119932,305,2.8899114535751926,0.009475119519918664,6.741014484784996,0.6808816057856816,1.5132591670481108,1.3622597645897798,1.5276516889854128,-2.270539759070602,-3.038939759070602,-1.1057522327971823,-1.1647875262734195,-0.006220656874166033
121,NYM,New York Mets,57,34,23,0.5964912280701754,0.5412173218962404,-0.5198,0.5412173218962404,0.02141732189624031,0.009495040735021762,0.0003757424894077247,1.0007401937347058,-0.13688336426702905,6,3,5,0.21975441551948247,0.3214629063767579,295,2.8976389653757084,0.009822504967375283,6.627354588075176,0.6720690342326437,1.466801437682144,1.3475383946788693,1.5501005706968392,-2.356421643479468,-2.876221643479468,-1.1277839791593869,-1.2286376643200811,-0.006694379668975761
139,TB,Tampa Bay Rays,67,36,31,0.5373134328358209,0.5370787761356328,-0.7006000000000001,0.5370787761356328,-0.16352122386436724,0.008016101136352729,-0.00244061528155772,1.3516640270687716,-1.8560347341870806,4,1,10,0.13214362873060875,0.40493514740502407,240,2.105231321839071,0.008771797174329462,5.480734115268024,0.6647943101004844,1.470132069656256,1.2117423680344492,0.8934889538046216,-1.568152545703438,-2.268752545703438,-1.0795987393038404,-0.4885538063995975,-0.005107988748219668
112,CHC,Chicago Cubs,61,36,25,0.5901639344262295,0.5295057303499389,-0.5650000000000001,0.5295057303499389,-0.03549426965006122,0.008680421809015392,-0.0005818732729518234,1.2857666497023093,2.170329279656817,9,4,5,0.07931215108967599,0.4501935792602629,264,2.1394657648845388,0.00810403698819901,5.861628842624865,0.6429698238433017,1.3272292755458812,0.8065493578921714,1.3329164069923674,-1.6099600345346,-2.1749600345346,-0.7272372068024955,-0.8827228277321044,-0.004953723183183384
116,DET,Detroit Tigers,58,35,23,0.603448275862069,0.5236863497293004,-0.5198,0.5236863497293004,0.003886349729300305,0.009029074995332766,6.70060298155225e-05,1.1383136613872211,0.21565506458555886,11,5,6,0.3449009685094243,0.17878538121987603,285,2.212177977226228,0.0077620279902674665,5.43604435006881,0.6789543567858384,1.472248088050973,1.170950586651622,1.041227390574606,-1.6884916274969277,-2.2082916274969278,-0.8260496181421978,-0.8624420093547298,-0.0049227161151513925
158,MIL,Milwaukee Brewers,68,34,34,0.5,0.5068101902980817,-0.7684000000000001,0.5068101902980817,-0.26158980970191836,0.007453091033795319,-0.003846908966204682,1.4740695088981939,-3.326476157529261,4,2,11,0.11443325963871177,0.39237693065936996,327,2.74427530310895,0.008392279214400458,6.814628033042808,0.6577708816189234,1.3874541674966472,1.5113113844212542,1.2329639186876957,-2.2374651128108685,-3.005865112810868,-1.3968781247825424,-0.8405869880283258,-0.005664468640027515
147,NYY,New York Yankees,75,38,37,0.5066666666666667,0.4949715703228865,-0.8362,0.4949715703228865,-0.34122842967711353,0.006599620937638487,-0.004549712395694847,1.0891961823099836,-3.0669861955535334,7,2,13,0.32891363024568077,0.16605794007720576,223,2.043232710750179,0.009162478523543403,5.1221501682591315,0.6567145440019205,1.365467041103303,0.9366612021963794,1.1065715085537993,-1.5482611404272923,-2.3844611404272924,-0.6077475719506986,-0.9405135684765935,-0.005195507182641921
113,CIN,Cincinnati Reds,50,30,20,0.6,0.47952819254468243,-0.45200000000000007,0.47952819254468243,0.027528192544682382,0.009590563850893649,0.0005505638508936476,1.0697576033447458,1.2839456007720564,10,4,5,0.22286528041291792,0.2566629121317645,320,2.904383297308268,0.009076197804088337,6.718204995882454,0.6711504013925051,1.4427430186008299,1.324511610512645,1.5798716867956228,-2.4248551047635853,-2.8768551047635857,-1.1016463300997272,-1.3232087746638583,-0.0065536624453069875
134,PIT,Pittsburgh Pirates,63,31,32,0.49206349206349204,0.4793048057461915,-0.7232000000000001,0.4793048057461915,-0.2438951942538086,0.007608012789622087,-0.0038713522897429937,1.4774132407437244,-1.8137367707009642,9,4,10,0.2591052045931013,0.22019960115309017,290,2.7771331773539574,0.009576321301220542,6.6689931417417245,0.6690476676716259,1.5055708644526786,1.1710810196509167,1.6060521577030407,-2.297828371607766,-3.021028371607766,-0.9119758150578154,-1.3858525565499504,-0.006509428814752877
109,AZ,Arizona Diamondbacks,50,32,18,0.64,0.46297407293629556,-0.40680000000000005,0.46297407293629556,0.05617407293629554,0.009259481458725911,0.0011234814587259107,0.9102634540562803,1.0853018246123665,5,2,6,0.21925604269808235,0.24371803023821323,266,2.2990026966836696,0.008642867280765675,5.977429437648891,0.666743078841739,1.4614021723257866,1.2645145446589297,1.03448815202474,-1.836028623747374,-2.242828623747374,-1.0452585019608474,-0.7907701217865267,-0.005810217163757512
140,TEX,Texas Rangers,46,25,21,0.5434782608695652,0.44907683012687855,-0.4746,0.44907683012687855,-0.02552316987312152,0.009762539785366925,-0.0005548515189809026,1.0915874968669759,-0.38612384882243295,12,2,3,0.25778066690571383,0.19129616322116466,259,2.1589852803010254,0.008335850503092762,5.757119770211036,0.6465708048877535,1.3673286903398991,0.9498901744441074,1.209095105856918,-1.7099084501741468,-2.184508450174147,-0.6921095075383936,-1.0177989426357532,-0.005606257213685727
137,SF,San Francisco Giants,60,26,34,0.43333333333333335,0.4296401730507333,-0.7684000000000001,0.4296401730507333,-0.3387598269492667,0.0071606695508455555,-0.005645997115821112,1.1954390752970987,-3.3982092625179967,7,2,12,0.19056073334159593,0.23907943970913742,293,2.4973234769041994,0.00852328831707918,6.0917269249367445,0.6658564875656887,1.4481676910779377,1.2475154753451843,1.249808001559015,-2.067683303853466,-2.8360833038534663,-1.0569547420035883,-1.0107285618498776,-0.0058574597842874394
117,HOU,Houston Astros,68,35,33,0.5147058823529411,0.3971102142245623,-0.7458,0.3971102142245623,-0.34868978577543774,0.00583985609153768,-0.005127790967285849,1.241593711914622,-2.4930504618097,7,1,9,0.18967097607945613,0.20743923814510615,258,1.8310066842212294,0.007096925132640424,5.128587020499868,0.6524898755361291,1.3739361638049554,0.8769837982306644,0.954022885990565,-1.4338964699966672,-2.179696469996667,-0.6873128221512083,-0.7465836478454588,-0.0043984554294376295
111,BOS,Boston Red Sox,36,18,18,0.5,0.33833453275758607,-0.40680000000000005,0.33833453275758607,-0.06846546724241398,0.009398181465488502,-0.0019018185345114995,0.7203864321817,0.5547128938296018,8,3,3,0.19681464130898418,0.1415198914486019,299,2.4626585766537983,0.008236316309878923,5.905509584321021,0.6776839559242774,1.4544897710874354,1.0851925143085512,1.377466062345247,-2.124324043896212,-2.531124043896212,-0.888377872999567,-1.235946170896645,-0.00634126580267526
120,WSH,Washington Nationals,54,21,33,0.3888888888888889,0.3174920912560039,-0.7458,0.3174920912560039,-0.42830790874399616,0.00587948317140748,-0.007931627939703633,0.8405885759725673,-4.362937107521789,5,0,11,0.13570512396418916,0.18178696729181476,321,2.839857513282335,0.008846908141066465,6.995363968354655,0.6718628066975818,1.4472004241708176,1.5493588855618345,1.2904986277205004,-2.5223654220263314,-3.2681654220263314,-1.4136537615976454,-1.1087116604286855,-0.006726307792070217
