role,player_id,player_name,team_id,team_abbr,challenges_against,failed_challenges_against,overturned_challenges_against,failed_challenges_against_rate,fooled_xwpa,fooled_xwpa_per_challenge_against,failed_against_wpa_at_stake,opponent_success_xwpa,failed_strikeout_challenges_against,failed_reasonable_challenges_against
catcher_against,663728,Cal Raleigh,136,SEA,21,18,3,0.8571428571428571,0.40680000000000005,0.019371428571428574,0.3624901242347167,0.028906292083859864,7,4
catcher_against,673237,Yainer Diaz,117,HOU,23,15,8,0.6521739130434783,0.339,0.01473913043478261,0.35996724658377793,0.14592472824619496,5,6
catcher_against,681351,Logan O'Hoppe,108,LAA,23,15,8,0.6521739130434783,0.339,0.01473913043478261,0.23716236004700783,0.19381567445021225,6,5
catcher_against,680779,Henry Davis,134,PIT,20,14,6,0.7,0.3164,0.01582,0.5010297127109049,0.06523831615532817,7,6
catcher_against,663743,Nick Fortes,139,TB,20,13,7,0.65,0.2938,0.01469,0.3966383097837286,0.14318760266736516,3,3
catcher_against,521692,Salvador Perez,118,KC,23,13,10,0.5652173913043478,0.2938,0.01277391304347826,0.3545351195985937,0.1402089348697275,8,6
catcher_against,689414,Liam Hicks,146,MIA,17,12,5,0.7058823529411765,0.2712,0.015952941176470586,0.19436505405156698,0.03442765565741384,3,5
catcher_against,663886,Tyler Stephenson,113,CIN,19,12,7,0.631578947368421,0.2712,0.014273684210526315,0.4135207164287139,0.10648303783141416,4,4
catcher_against,693307,Dillon Dingler,116,DET,21,12,9,0.5714285714285714,0.2712,0.012914285714285715,0.30686372625385405,0.1929322713954797,6,7
catcher_against,686780,Pedro Pages,138,STL,16,11,5,0.6875,0.24860000000000002,0.015537500000000001,0.3340765706361643,0.0955829988678282,4,5
catcher_against,608348,Carson Kelly,112,CHC,19,11,8,0.5789473684210527,0.24860000000000002,0.01308421052631579,0.1597089351367487,0.2335646474411337,6,5
catcher_against,665561,Rafael Marchan,143,PHI,17,10,7,0.5882352941176471,0.22600000000000003,0.013294117647058826,0.380501487993084,0.10046813073171862,5,6
catcher_against,543510,James McCann,109,AZ,17,10,7,0.5882352941176471,0.22600000000000003,0.013294117647058826,0.35243786860225657,0.16730784549588038,6,5
catcher_against,680777,Ryan Jeffers,142,MIN,18,10,8,0.5555555555555556,0.22600000000000003,0.012555555555555558,0.2946677764565974,0.07652053428763834,2,2
catcher_against,661388,William Contreras,158,MIL,18,10,8,0.5555555555555556,0.22600000000000003,0.012555555555555558,0.2377816751451714,0.1269015641112934,4,2
catcher_against,700337,Edgar Quero,145,CWS,19,10,9,0.5263157894736842,0.22600000000000003,0.011894736842105265,0.18425034051265535,0.078546676269438,4,4
catcher_against,669224,Austin Wells,147,NYY,27,10,17,0.37037037037037035,0.22600000000000003,0.008370370370370372,0.22235521061917418,0.3155276429396529,7,5
catcher_against,663698,Joey Bart,134,PIT,10,9,1,0.9,0.20340000000000003,0.020340000000000004,0.22030102446496436,0.08521514467241675,4,4
catcher_against,694212,Samuel Basallo,110,BAL,14,9,5,0.6428571428571429,0.20340000000000003,0.01452857142857143,0.4732998508300279,0.07002471590833079,6,4
catcher_against,669257,Will Smith,119,LAD,15,9,6,0.6,0.20340000000000003,0.013560000000000001,0.17399243606334028,0.09405240873213402,2,3
catcher_against,664954,Brett Sullivan,115,COL,16,9,7,0.5625,0.20340000000000003,0.012712500000000002,0.15052821463395674,0.15667715406462884,3,2
catcher_against,669134,Luis Campusano,135,SD,16,9,7,0.5625,0.20340000000000003,0.012712500000000002,0.19324869210322815,0.24041447476171018,5,2
catcher_against,665966,Carlos Narvaez,111,BOS,25,9,16,0.36,0.20340000000000003,0.008136000000000001,0.1438466341824633,0.2916628400259312,2,3
catcher_against,682626,Francisco Alvarez,121,NYM,12,8,4,0.6666666666666666,0.18080000000000002,0.015066666666666667,0.1475982062621833,0.119806514354305,3,3
catcher_against,682663,Agustin Ramirez,146,MIA,13,8,5,0.6153846153846154,0.18080000000000002,0.013907692307692308,0.25031696804717085,0.07250573141525582,2,1
catcher_against,592663,J.T. Realmuto,143,PHI,13,8,5,0.6153846153846154,0.18080000000000002,0.013907692307692308,0.18453653432863285,0.07732868520650998,3,3
catcher_against,595978,Austin Hedges,114,CLE,16,8,8,0.5,0.18080000000000002,0.011300000000000001,0.09268703763859511,0.1297833502255045,2,2
catcher_against,666023,Freddy Fermin,135,SD,16,8,8,0.5,0.18080000000000002,0.011300000000000001,0.2004143770413303,0.1292972216927838,3,5
catcher_against,686948,Drake Baldwin,144,ATL,17,8,9,0.47058823529411764,0.18080000000000002,0.01063529411764706,0.16627697748872539,0.07126221071346223,4,4
catcher_against,696100,Hunter Goodman,115,COL,18,8,10,0.4444444444444444,0.18080000000000002,0.010044444444444446,0.12475488962856517,0.10577951584366642,3,2
catcher_against,686452,Drew Millas,120,WSH,20,8,12,0.4,0.18080000000000002,0.009040000000000001,0.2057721660467311,0.2543573188468904,3,2
catcher_against,620443,Luis Torrens,121,NYM,11,7,4,0.6363636363636364,0.1582,0.014381818181818183,0.13878851521239785,0.06863070993321663,4,2
catcher_against,605170,Victor Caratini,142,MIN,11,7,4,0.6363636363636364,0.1582,0.014381818181818183,0.2426498584890091,0.09132337896275051,2,3
catcher_against,695600,Carter Jensen,118,KC,13,7,6,0.5384615384615384,0.1582,0.012169230769230769,0.12200286853497652,0.19480832633872042,3,2
catcher_against,623168,Tyler Heineman,141,TOR,14,7,7,0.5,0.1582,0.011300000000000001,0.1549467939308415,0.08274620608696859,2,3
catcher_against,666310,Bo Naylor,114,CLE,14,7,7,0.5,0.1582,0.011300000000000001,0.22021948248148493,0.16099510224125985,6,5
catcher_against,669127,Shea Langeliers,133,ATH,15,7,8,0.4666666666666667,0.1582,0.010546666666666668,0.144263495629407,0.16716594624166686,2,1
catcher_against,672275,Patrick Bailey,137,SF,20,7,13,0.35,0.1582,0.00791,0.13261806890973124,0.30732768365016905,4,1
pitcher_against,641835,Tim Mayza,143,PHI,8,6,2,0.75,0.1356,0.01695,0.07970561704265533,0.05420647786371097,1,2
catcher_against,660688,Keibert Ruiz,120,WSH,10,6,4,0.6,0.1356,0.01356,0.1616984174565767,0.11148715833590757,2,1
catcher_against,668670,Jake Rogers,116,DET,10,6,4,0.6,0.1356,0.01356,0.12214488546995869,0.11929423967681113,1,4
catcher_against,643376,Danny Jansen,140,TEX,13,6,7,0.46153846153846156,0.1356,0.010430769230769231,0.18260911564468316,0.04695011348785304,3,4
pitcher_against,657746,Joe Ryan,142,MIN,6,5,1,0.8333333333333334,0.11300000000000002,0.018833333333333337,0.16970737946355652,0.00129181270421648,2,1
pitcher_against,687396,Brent Headrick,147,NYY,6,5,1,0.8333333333333334,0.11300000000000002,0.018833333333333337,0.1804012222457969,0.009348349822471944,4,3
pitcher_against,660825,Eduard Bazardo,136,SEA,6,5,1,0.8333333333333334,0.11300000000000002,0.018833333333333337,0.20663990164016327,0.007914339549833338,3,3
pitcher_against,801403,Chase Dollander,115,COL,7,5,2,0.7142857142857143,0.11300000000000002,0.016142857142857146,0.04696259420828725,0.008931903845343925,1,0
pitcher_against,663969,Tyler Phillips,146,MIA,7,5,2,0.7142857142857143,0.11300000000000002,0.016142857142857146,0.05391437739690361,0.0012940572249923177,0,0
pitcher_against,593958,Eduardo Rodriguez,109,AZ,7,5,2,0.7142857142857143,0.11300000000000002,0.016142857142857146,0.2247028589913399,0.024394252485795465,2,2
pitcher_against,672282,Reid Detmers,108,LAA,7,5,2,0.7142857142857143,0.11300000000000002,0.016142857142857146,0.10542477382012183,0.06169954052435059,2,1
catcher_against,691011,Drew Romo,145,CWS,7,5,2,0.7142857142857143,0.11300000000000002,0.016142857142857146,0.03686654939266952,0.04688564838347675,1,2
catcher_against,624512,Reese McGuire,145,CWS,9,5,4,0.5555555555555556,0.11300000000000002,0.012555555555555558,0.042004186255389375,0.030612464453666534,1,1
catcher_against,678218,Brandon Valenzuela,141,TOR,11,5,6,0.45454545454545453,0.11300000000000002,0.010272727272727274,0.037312195320468367,0.06162829322137808,3,1
catcher_against,543309,Kyle Higashioka,140,TEX,13,5,8,0.38461538461538464,0.11300000000000002,0.008692307692307694,0.11607138033767078,0.06348493170848779,4,2
catcher_against,641555,J.C. Escarra,147,NYY,13,5,8,0.38461538461538464,0.11300000000000002,0.008692307692307694,0.22503966585294388,0.18600008423893094,4,2
pitcher_against,672335,Cionel Perez,120,WSH,4,4,0,1.0,0.09040000000000001,0.022600000000000002,0.1263825610486508,0.0,1,1
pitcher_against,677955,Jaden Hill,115,COL,4,4,0,1.0,0.09040000000000001,0.022600000000000002,0.09895113347508189,0.0,2,2
pitcher_against,694973,Paul Skenes,134,PIT,4,4,0,1.0,0.09040000000000001,0.022600000000000002,0.2254655456526903,0.0,3,2
pitcher_against,682842,Abner Uribe,158,MIL,4,4,0,1.0,0.09040000000000001,0.022600000000000002,0.11825337915768806,0.0,1,1
pitcher_against,669622,Anthony Bender,146,MIA,5,4,1,0.8,0.09040000000000001,0.018080000000000002,0.12001254351728871,0.03677918690390544,1,1
pitcher_against,623149,Paul Sewald,109,AZ,5,4,1,0.8,0.09040000000000001,0.018080000000000002,0.07962516572913145,0.04017385044669697,2,1
catcher_against,518595,Travis d'Arnaud,108,LAA,5,4,1,0.8,0.09040000000000001,0.018080000000000002,0.06161250635568516,0.04010972022401907,1,1
catcher_against,596142,Gary Sanchez,158,MIL,5,4,1,0.8,0.09040000000000001,0.018080000000000002,0.05103484547283632,0.013826982751894645,2,2
pitcher_against,607625,Seth Lugo,118,KC,5,4,1,0.8,0.09040000000000001,0.018080000000000002,0.0738907037627635,0.012006590293511588,2,1
catcher_against,676439,Hunter Feduccia,139,TB,6,4,2,0.6666666666666666,0.09040000000000001,0.015066666666666667,0.08334655003253394,0.011278200641177238,2,1
pitcher_against,571927,Steven Matz,139,TB,6,4,2,0.6666666666666666,0.09040000000000001,0.015066666666666667,0.04280637221725567,0.07829398403124532,1,1
pitcher_against,645261,Sandy Alcantara,146,MIA,6,4,2,0.6666666666666666,0.09040000000000001,0.015066666666666667,0.06866248668112063,0.0134669975723202,0,1
catcher_against,680728,Adrian Del Castillo,109,AZ,6,4,2,0.6666666666666666,0.09040000000000001,0.015066666666666667,0.038993337964071006,0.03146021365340601,1,1
catcher_against,665804,Miguel Amaya,112,CHC,7,4,3,0.5714285714285714,0.09040000000000001,0.012914285714285715,0.10986137983034794,0.13219450351913087,2,2
pitcher_against,605400,Aaron Nola,143,PHI,8,4,4,0.5,0.09040000000000001,0.011300000000000001,0.04787701175035174,0.03311396263487454,0,1
pitcher_against,677960,Ryan Weathers,147,NYY,8,4,4,0.5,0.09040000000000001,0.011300000000000001,0.09082993981142129,0.07973559035974756,2,2
catcher_against,641598,Mitch Garver,136,SEA,12,4,8,0.3333333333333333,0.09040000000000001,0.007533333333333334,0.05862751352136301,0.13826896199932479,2,2
catcher_against,668939,Adley Rutschman,110,BAL,16,4,12,0.25,0.09040000000000001,0.0056500000000000005,0.10807473271837986,0.20678234176629628,1,2
pitcher_against,607259,Nick Martinez,139,TB,3,3,0,1.0,0.0678,0.0226,0.055606253456112587,0.0,1,1
pitcher_against,669160,Dustin May,138,STL,3,3,0,1.0,0.0678,0.0226,0.05099140375164224,0.0,1,1
pitcher_against,695243,Mason Miller,135,SD,3,3,0,1.0,0.0678,0.0226,0.0665973219649792,0.0,3,1
pitcher_against,670990,Yohan Ramirez,134,PIT,3,3,0,1.0,0.0678,0.0226,0.157464788174664,0.0,1,1
pitcher_against,642701,Dennis Santana,134,PIT,3,3,0,1.0,0.0678,0.0226,0.0776691396887404,0.0,2,3
pitcher_against,663554,Casey Mize,116,DET,3,3,0,1.0,0.0678,0.0226,0.07383270456260194,0.0,1,1
pitcher_against,694819,Jacob Misiorowski,158,MIL,3,3,0,1.0,0.0678,0.0226,0.07995406962926777,0.0,3,2
pitcher_against,680736,Justin Wrobleski,119,LAD,3,3,0,1.0,0.0678,0.0226,0.09654154861797706,0.0,0,1
pitcher_against,656271,Brock Burke,113,CIN,3,3,0,1.0,0.0678,0.0226,0.14961851466593187,0.0,2,2
pitcher_against,681252,Jack Anderson,111,BOS,3,3,0,1.0,0.0678,0.0226,0.08507875685432376,0.0,1,2
pitcher_against,594798,Jacob deGrom,140,TEX,4,3,1,0.75,0.0678,0.01695,0.11545901674372161,0.020557739510275286,2,2
pitcher_against,695076,Rhett Lowder,113,CIN,4,3,1,0.75,0.0678,0.01695,0.23585033138689332,0.003943700450914633,3,3
pitcher_against,642100,Gabe Speier,136,SEA,4,3,1,0.75,0.0678,0.01695,0.06752918121281831,0.004826529201859969,1,0
pitcher_against,681517,Kyle Leahy,138,STL,4,3,1,0.75,0.0678,0.01695,0.0939193879507094,0.01939565975704083,2,2
pitcher_against,680694,Kyle Bradish,110,BAL,4,3,1,0.75,0.0678,0.01695,0.03278844670893977,0.008668751315984102,0,0
pitcher_against,666661,Juan Morillo,109,AZ,4,3,1,0.75,0.0678,0.01695,0.08308376228030145,0.08371494564075097,0,0
pitcher_against,608379,Michael Wacha,118,KC,4,3,1,0.75,0.0678,0.01695,0.04362717825065354,0.022260459119246345,1,0
pitcher_against,608718,Brent Suter,108,LAA,4,3,1,0.75,0.0678,0.01695,0.017266066709931804,0.02430540882643717,0,0
pitcher_against,690997,Nolan McLean,121,NYM,4,3,1,0.75,0.0678,0.01695,0.10206919166673195,0.024619059150183087,2,2
pitcher_against,622554,Seranthony Dominguez,145,CWS,4,3,1,0.75,0.0678,0.01695,0.013563352126995429,0.0041021353681590655,0,0
pitcher_against,667755,Jose Soriano,108,LAA,4,3,1,0.75,0.0678,0.01695,0.05211875148473982,0.0031950863640889463,1,2
pitcher_against,681293,Spencer Arrighetti,117,HOU,4,3,1,0.75,0.0678,0.01695,0.053644927340867024,0.014288920180071552,1,1
pitcher_against,656302,Dylan Cease,141,TOR,5,3,2,0.6,0.0678,0.01356,0.04573978936201517,0.032783919626276414,1,1
pitcher_against,671922,Cade Smith,114,CLE,5,3,2,0.6,0.0678,0.01356,0.08871004776277693,0.02191710469757739,1,1
pitcher_against,680755,Braydon Fisher,141,TOR,5,3,2,0.6,0.0678,0.01356,0.04989847094437846,0.02421151297377388,0,1
pitcher_against,605488,Jeffrey Springs,133,ATH,5,3,2,0.6,0.0678,0.01356,0.04356331828266624,0.022684891875084767,0,0
pitcher_against,696149,Bubba Chandler,134,PIT,5,3,2,0.6,0.0678,0.01356,0.08592191127697091,0.09172037543555572,1,1
catcher_against,624431,Jose Trevino,113,CIN,5,3,2,0.6,0.0678,0.01356,0.1729469151507242,0.026787809713366584,2,3
pitcher_against,681347,Mike Burrows,117,HOU,5,3,2,0.6,0.0678,0.01356,0.16146010435512437,0.032698536737359896,1,2
pitcher_against,676760,Ron Marinaccio,135,SD,5,3,2,0.6,0.0678,0.01356,0.01265725470262332,0.011086064036355314,1,1
catcher_against,553869,Elias Diaz,118,KC,5,3,2,0.6,0.0678,0.01356,0.04379122085451455,0.02070145256990289,2,3
pitcher_against,691799,Grant Taylor,145,CWS,5,3,2,0.6,0.0678,0.01356,0.05196516508778924,0.00670065627860548,0,1
pitcher_against,663903,Brady Singer,113,CIN,6,3,3,0.5,0.0678,0.0113,0.053674277492382766,0.0399691380513465,0,1
pitcher_against,542888,Shawn Armstrong,114,CLE,6,3,3,0.5,0.0678,0.0113,0.09246310903569764,0.029140678771034437,1,1
pitcher_against,668674,Lucas Erceg,118,KC,6,3,3,0.5,0.0678,0.0113,0.1723501514117151,0.15935728443407757,2,2
catcher_against,657136,Connor Wong,111,BOS,7,3,4,0.42857142857142855,0.0678,0.009685714285714285,0.07749347731511656,0.02493936194545754,1,1
catcher_against,672515,Gabriel Moreno,109,AZ,8,3,5,0.375,0.0678,0.008475,0.03664181272644266,0.1236355325580924,0,0
catcher_against,641680,Jonah Heim,144,ATL,9,3,6,0.3333333333333333,0.0678,0.007533333333333333,0.08338563804481773,0.23877350407735384,2,2
catcher_against,671056,Ivan Herrera,138,STL,9,3,6,0.3333333333333333,0.0678,0.007533333333333333,0.027155491974106438,0.16142791208322327,1,0
catcher_against,642851,Austin Wynns,133,ATH,10,3,7,0.3,0.0678,0.00678,0.09820779921364031,0.18075897559305015,0,1
catcher_against,543877,Christian Vazquez,117,HOU,11,3,8,0.2727272727272727,0.0678,0.006163636363636363,0.26296053662701674,0.16564114774001779,1,1
pitcher_against,702275,JR Ritchie,144,ATL,2,2,0,1.0,0.045200000000000004,0.022600000000000002,0.04720078094084662,0.0,1,1
pitcher_against,676917,Cade Cavalli,120,WSH,2,2,0,1.0,0.045200000000000004,0.022600000000000002,0.040707186275091733,0.0,1,0
pitcher_against,683618,Edgardo Henriquez,119,LAD,2,2,0,1.0,0.045200000000000004,0.022600000000000002,0.006288214182227645,0.0,1,2
pitcher_against,670059,Colin Holderman,114,CLE,2,2,0,1.0,0.045200000000000004,0.022600000000000002,0.00629686178802924,0.0,1,1
pitcher_against,656546,Jeff Hoffman,141,TOR,2,2,0,1.0,0.045200000000000004,0.022600000000000002,0.04170668572066907,0.0,1,1
pitcher_against,608331,Max Fried,147,NYY,2,2,0,1.0,0.045200000000000004,0.022600000000000002,0.04333039461208027,0.0,2,0
pitcher_against,656876,Drew Rasmussen,139,TB,2,2,0,1.0,0.045200000000000004,0.022600000000000002,0.06266245938631446,0.0,1,0
pitcher_against,678606,Jose A. Ferrer,136,SEA,2,2,0,1.0,0.045200000000000004,0.022600000000000002,0.014832659973813521,0.0,0,0
pitcher_against,701719,Tyler Samaniego,111,BOS,2,2,0,1.0,0.045200000000000004,0.022600000000000002,0.031007390407994162,0.0,0,0
pitcher_against,642207,Devin Williams,121,NYM,2,2,0,1.0,0.045200000000000004,0.022600000000000002,0.0668240058933045,0.0,0,0
pitcher_against,681867,Cooper Criswell,136,SEA,2,2,0,1.0,0.045200000000000004,0.022600000000000002,0.022836982715135942,0.0,1,1
pitcher_against,685005,Christian Roa,117,HOU,2,2,0,1.0,0.045200000000000004,0.022600000000000002,0.0045127084820902885,0.0,0,0
pitcher_against,676106,Emerson Hancock,136,SEA,2,2,0,1.0,0.045200000000000004,0.022600000000000002,0.016413391714183392,0.0,0,0
pitcher_against,664208,Phil Maton,112,CHC,2,2,0,1.0,0.045200000000000004,0.022600000000000002,0.027831744378748358,0.0,1,1
pitcher_against,688158,David Morgan,135,SD,2,2,0,1.0,0.045200000000000004,0.022600000000000002,0.024902839216261765,0.0,0,1
pitcher_against,666277,George Soriano,138,STL,2,2,0,1.0,0.045200000000000004,0.022600000000000002,0.11086106032414024,0.0,1,1
pitcher_against,656605,Mitch Keller,134,PIT,2,2,0,1.0,0.045200000000000004,0.022600000000000002,0.015920779458869272,0.0,0,0
pitcher_against,664875,Justin Lawrence,134,PIT,2,2,0,1.0,0.045200000000000004,0.022600000000000002,0.004587602698539195,0.0,1,0
pitcher_against,677053,Andrew Nardi,146,MIA,2,2,0,1.0,0.045200000000000004,0.022600000000000002,0.08639941425918768,0.0,1,0
pitcher_against,668964,Tobias Myers,121,NYM,2,2,0,1.0,0.045200000000000004,0.022600000000000002,0.019184407400346992,0.0,0,0
pitcher_against,682227,Brandon Williamson,113,CIN,2,2,0,1.0,0.045200000000000004,0.022600000000000002,0.08110304142032448,0.0,1,1
pitcher_against,622608,Antonio Senzatela,115,COL,2,2,0,1.0,0.045200000000000004,0.022600000000000002,0.01757242846240341,0.0,0,0
pitcher_against,669212,Eli Morgan,118,KC,2,2,0,1.0,0.045200000000000004,0.022600000000000002,0.014839910907122448,0.0,1,0
pitcher_against,680802,Ryan Weiss,117,HOU,2,2,0,1.0,0.045200000000000004,0.022600000000000002,0.03973007247746063,0.0,0,0
pitcher_against,445276,Kenley Jansen,116,DET,2,2,0,1.0,0.045200000000000004,0.022600000000000002,0.020348697933587477,0.0,0,2
catcher_against,669087,Sam Huff,110,BAL,2,2,0,1.0,0.045200000000000004,0.022600000000000002,0.02705614707369164,0.0,1,0
pitcher_against,640451,Hunter Harvey,112,CHC,2,2,0,1.0,0.045200000000000004,0.022600000000000002,0.03995346725266519,0.0,1,0
pitcher_against,623454,Drew Anderson,116,DET,2,2,0,1.0,0.045200000000000004,0.022600000000000002,0.11954761137438821,0.0,2,1
pitcher_against,682995,Hunter Barco,134,PIT,2,2,0,1.0,0.045200000000000004,0.022600000000000002,0.0638482708630106,0.0,1,1
pitcher_against,656794,Sean Newcomb,145,CWS,2,2,0,1.0,0.045200000000000004,0.022600000000000002,0.08204650701007214,0.0,1,1
pitcher_against,702273,Noah Schultz,145,CWS,2,2,0,1.0,0.045200000000000004,0.022600000000000002,0.03989729391294439,0.0,1,1
pitcher_against,657097,Jacob Webb,112,CHC,2,2,0,1.0,0.045200000000000004,0.022600000000000002,0.007932465533153965,0.0,0,0
pitcher_against,676477,Garrett Whitlock,111,BOS,2,2,0,1.0,0.045200000000000004,0.022600000000000002,0.02389422207243852,0.0,0,0
pitcher_against,689296,Anthony Nunez,110,BAL,2,2,0,1.0,0.045200000000000004,0.022600000000000002,0.009410316194653379,0.0,1,0
pitcher_against,676263,Jack Dreyer,119,LAD,3,2,1,0.6666666666666666,0.045200000000000004,0.015066666666666667,0.0037719514775937215,0.02320730701474691,0,0
pitcher_against,607536,Kyle Freeland,115,COL,3,2,1,0.6666666666666666,0.045200000000000004,0.015066666666666667,0.010714668253453241,0.008568792949079695,0,0
pitcher_against,607067,Colin Rea,112,CHC,3,2,1,0.6666666666666666,0.045200000000000004,0.015066666666666667,0.07080875024422373,0.00977287798755977,2,2
pitcher_against,669302,Logan Gilbert,136,SEA,3,2,1,0.6666666666666666,0.045200000000000004,0.015066666666666667,0.025030758303675515,0.007639594901694413,2,0
pitcher_against,640455,Sean Manaea,121,NYM,3,2,1,0.6666666666666666,0.045200000000000004,0.015066666666666667,0.026273381226386783,0.013634784852715187,2,1
pitcher_against,657756,Connor Seabold,116,DET,3,2,1,0.6666666666666666,0.045200000000000004,0.015066666666666667,0.010891427292845424,0.015608758609316542,1,2
pitcher_against,691725,Andrew Painter,143,PHI,3,2,1,0.6666666666666666,0.045200000000000004,0.015066666666666667,0.03022370231268262,0.033052856049029966,1,1
pitcher_against,666200,Jesus Luzardo,143,PHI,3,2,1,0.6666666666666666,0.045200000000000004,0.015066666666666667,0.16876639405081778,0.002744570737315155,2,2
pitcher_against,695418,Brad Lord,120,WSH,3,2,1,0.6666666666666666,0.045200000000000004,0.015066666666666667,0.008038697431089214,0.008942245945438552,1,0
pitcher_against,605447,Jordan Romano,108,LAA,3,2,1,0.6666666666666666,0.045200000000000004,0.015066666666666667,0.02203507955681356,0.08576651443687466,1,1
catcher_against,664731,P.J. Higgins,113,CIN,3,2,1,0.6666666666666666,0.045200000000000004,0.015066666666666667,0.08169272727439475,0.003943700450914633,1,1
pitcher_against,687075,Brandon Sproat,158,MIL,3,2,1,0.6666666666666666,0.045200000000000004,0.015066666666666667,0.04241854075763041,0.013826982751894645,1,1
pitcher_against,672456,Keider Montero,116,DET,3,2,1,0.6666666666666666,0.045200000000000004,0.015066666666666667,0.07071083080135304,0.011755963578521988,2,2
pitcher_against,675989,Cody Bolton,117,HOU,3,2,1,0.6666666666666666,0.045200000000000004,0.015066666666666667,0.06936259408593921,0.006796992838655121,1,1
pitcher_against,669358,Shane Baz,110,BAL,3,2,1,0.6666666666666666,0.045200000000000004,0.015066666666666667,0.07857811904824069,0.007136209639783231,2,2
pitcher_against,663992,Richard Lovelady,120,WSH,3,2,1,0.6666666666666666,0.045200000000000004,0.015066666666666667,0.03893198899796799,0.019447749821171534,0,0
pitcher_against,702303,Riley Martin,112,CHC,3,2,1,0.6666666666666666,0.045200000000000004,0.015066666666666667,0.007262426038378963,0.13773386013718697,1,1
pitcher_against,694851,Andrew Hoffmann,109,AZ,3,2,1,0.6666666666666666,0.045200000000000004,0.015066666666666667,0.006630875902263522,0.0021931586097961864,2,2
pitcher_against,592332,Kevin Gausman,141,TOR,4,2,2,0.5,0.045200000000000004,0.011300000000000001,0.028313602941213822,0.01817226639887415,1,1
catcher_against,687221,Dalton Rushing,119,LAD,4,2,2,0.5,0.045200000000000004,0.011300000000000001,0.08992637643614447,0.028731123157818672,1,2
pitcher_against,683004,Jack Leiter,140,TEX,4,2,2,0.5,0.045200000000000004,0.011300000000000001,0.0642335715099141,0.01444677978208006,2,0
pitcher_against,673540,Kodai Senga,121,NYM,4,2,2,0.5,0.045200000000000004,0.011300000000000001,0.06396389075559106,0.0067120697937680385,2,1
pitcher_against,682052,Jacob Lopez,133,ATH,4,2,2,0.5,0.045200000000000004,0.011300000000000001,0.028868195218278145,0.02516120218217255,0,0
pitcher_against,669062,Erik Miller,137,SF,4,2,2,0.5,0.045200000000000004,0.011300000000000001,0.04696610051620492,0.05063806630505713,1,0
pitcher_against,665795,Edward Cabrera,112,CHC,4,2,2,0.5,0.045200000000000004,0.011300000000000001,0.04726734201776153,0.039266556806684394,2,2
catcher_against,596117,Garrett Stubbs,143,PHI,4,2,2,0.5,0.045200000000000004,0.011300000000000001,0.019853220473562416,0.031882185941272234,0,1
pitcher_against,579328,Yusei Kikuchi,108,LAA,4,2,2,0.5,0.045200000000000004,0.011300000000000001,0.044346439645753355,0.011870712663383798,1,1
pitcher_against,623437,Justin Topa,142,MIN,4,2,2,0.5,0.045200000000000004,0.011300000000000001,0.09869993653838821,0.023178603897006655,1,1
pitcher_against,690953,Mick Abel,142,MIN,4,2,2,0.5,0.045200000000000004,0.011300000000000001,0.04743093386802565,0.07132445408404686,1,1
pitcher_against,656638,Alex Lange,118,KC,4,2,2,0.5,0.045200000000000004,0.011300000000000001,-9.434277178588246e-06,0.0015194558910543044,1,1
pitcher_against,673929,Jordan Leasure,145,CWS,4,2,2,0.5,0.045200000000000004,0.011300000000000001,0.006795572044285322,0.04329672672784779,1,2
pitcher_against,663460,Kris Bubic,118,KC,4,2,2,0.5,0.045200000000000004,0.011300000000000001,0.04820976782564357,0.0174760816237719,1,1
pitcher_against,640448,Kyle Finnegan,116,DET,4,2,2,0.5,0.045200000000000004,0.011300000000000001,0.02163777086519627,0.10042494135588362,1,1
pitcher_against,663542,Bryan Hudson,145,CWS,4,2,2,0.5,0.045200000000000004,0.011300000000000001,0.01309342136808056,0.014902937772188873,0,0
pitcher_against,571578,Patrick Corbin,141,TOR,5,2,3,0.4,0.045200000000000004,0.009040000000000001,0.029884457637826323,0.03344918733349833,1,0
pitcher_against,543135,Nathan Eovaldi,140,TEX,5,2,3,0.4,0.045200000000000004,0.009040000000000001,0.04722143918051669,0.031806676851656335,2,1
pitcher_against,681190,Randy Vasquez,135,SD,5,2,3,0.4,0.045200000000000004,0.009040000000000001,0.04786788617477605,0.06111308384680475,0,1
pitcher_against,621111,Walker Buehler,135,SD,5,2,3,0.4,0.045200000000000004,0.009040000000000001,0.06768372789972821,0.03019411929016308,1,0
pitcher_against,605135,Chris Bassitt,110,BAL,5,2,3,0.4,0.045200000000000004,0.009040000000000001,0.05130794089890939,0.02185907742016724,1,1
pitcher_against,605540,Brandon Woodruff,158,MIL,5,2,3,0.4,0.045200000000000004,0.009040000000000001,0.030290286441595482,0.043277818720516614,0,0
pitcher_against,680732,Sean Burke,145,CWS,5,2,3,0.4,0.045200000000000004,0.009040000000000001,0.018217851004172947,0.02158356924368291,1,1
pitcher_against,669432,Trevor Rogers,110,BAL,5,2,3,0.4,0.045200000000000004,0.009040000000000001,0.03364943588617067,0.06953183708994716,2,1
pitcher_against,670245,Ryan Watson,111,BOS,6,2,4,0.3333333333333333,0.045200000000000004,0.007533333333333334,0.0002833398958931137,0.08415523472681263,1,1
pitcher_against,686610,Ken Waldichuk,120,WSH,1,1,0,1.0,0.022600000000000002,0.022600000000000002,0.0002181470000066632,0.0,0,0
pitcher_against,670036,Matt Festa,114,CLE,1,1,0,1.0,0.022600000000000002,0.022600000000000002,0.03129472577312009,0.0,0,0
pitcher_against,689254,Mason Fluharty,141,TOR,1,1,0,1.0,0.022600000000000002,0.022600000000000002,0.0010475846989029813,0.0,1,0
pitcher_against,694361,Will Klein,119,LAD,1,1,0,1.0,0.022600000000000002,0.022600000000000002,0.0001498140225137313,0.0,1,1
pitcher_against,676508,Ben Casparius,119,LAD,1,1,0,1.0,0.022600000000000002,0.022600000000000002,0.015849699209852353,0.0,0,0
catcher_against,672386,Alejandro Kirk,141,TOR,1,1,0,1.0,0.022600000000000002,0.022600000000000002,0.004331602053695982,0.0,0,0
pitcher_against,686560,Gavin Collyer,140,TEX,1,1,0,1.0,0.022600000000000002,0.022600000000000002,0.004616369647239993,0.0,0,1
pitcher_against,695684,Elmer Rodriguez,147,NYY,1,1,0,1.0,0.022600000000000002,0.022600000000000002,0.08674399428376711,0.0,1,1
pitcher_against,677958,Kumar Rocker,140,TEX,1,1,0,1.0,0.022600000000000002,0.022600000000000002,0.013970303701682285,0.0,0,0
pitcher_against,663556,Shane McClanahan,139,TB,1,1,0,1.0,0.022600000000000002,0.022600000000000002,0.03368667904569511,0.0,0,0
pitcher_against,641329,Bryan Baker,139,TB,1,1,0,1.0,0.022600000000000002,0.022600000000000002,0.010831043690102585,0.0,0,0
pitcher_against,642121,Cole Sulser,139,TB,1,1,0,1.0,0.022600000000000002,0.022600000000000002,0.006239849842067158,0.0,0,0
pitcher_against,700669,Gordon Graceffo,138,STL,1,1,0,1.0,0.022600000000000002,0.022600000000000002,0.009626546142064929,0.0,0,0
pitcher_against,676617,Riley O'Brien,138,STL,1,1,0,1.0,0.022600000000000002,0.022600000000000002,0.012133895514451147,0.0,0,0
pitcher_against,683769,Hunter Gaddis,114,CLE,1,1,0,1.0,0.022600000000000002,0.022600000000000002,0.006288642100615657,0.0,1,1
pitcher_against,693433,Bryan Woo,136,SEA,1,1,0,1.0,0.022600000000000002,0.022600000000000002,0.037679253855718166,0.0,1,1
pitcher_against,662253,Andres Munoz,136,SEA,1,1,0,1.0,0.022600000000000002,0.022600000000000002,-1.1102230246251565e-16,0.0,0,0
pitcher_against,667463,John King,146,MIA,1,1,0,1.0,0.022600000000000002,0.022600000000000002,0.009784053362225023,0.0,0,1
pitcher_against,668873,Caleb Kilian,137,SF,1,1,0,1.0,0.022600000000000002,0.022600000000000002,0.03461725416943717,0.0,1,0
pitcher_against,596133,Luke Weaver,121,NYM,1,1,0,1.0,0.022600000000000002,0.022600000000000002,0.002937065048962434,0.0,0,0
catcher_against,694208,Moises Ballesteros,112,CHC,1,1,0,1.0,0.022600000000000002,0.022600000000000002,0.011853168866744368,0.0,1,1
pitcher_against,660761,Jose Suarez,144,ATL,1,1,0,1.0,0.022600000000000002,0.022600000000000002,0.0002429876396725383,0.0,0,0
pitcher_against,592836,Taijuan Walker,143,PHI,1,1,0,1.0,0.022600000000000002,0.022600000000000002,0.0007354680205911013,0.0,0,0
pitcher_against,691587,Eury Perez,146,MIA,1,1,0,1.0,0.022600000000000002,0.022600000000000002,0.013828747192524915,0.0,0,0
pitcher_against,518886,Craig Kimbrel,121,NYM,1,1,0,1.0,0.022600000000000002,0.022600000000000002,-0.00026378247774869244,0.0,0,0
pitcher_against,702193,Andrew Morris,142,MIN,1,1,0,1.0,0.022600000000000002,0.022600000000000002,0.02741132721620987,0.0,0,0
pitcher_against,671737,Taj Bradley,142,MIN,1,1,0,1.0,0.022600000000000002,0.022600000000000002,0.07963976451271765,0.0,0,1
pitcher_against,695380,Alex Hoppe,136,SEA,1,1,0,1.0,0.022600000000000002,0.022600000000000002,0.00040733297402273383,0.0,0,0
pitcher_against,663574,Tony Santillan,113,CIN,1,1,0,1.0,0.022600000000000002,0.022600000000000002,0.03309021379148663,0.0,0,0
pitcher_against,689520,Cody Laweryson,142,MIN,1,1,0,1.0,0.022600000000000002,0.022600000000000002,0.023277964006492485,0.0,0,0
pitcher_against,671212,Joe Boyle,139,TB,1,1,0,1.0,0.022600000000000002,0.022600000000000002,0.04566847699546139,0.0,0,0
pitcher_against,647336,Michael Soroka,109,AZ,1,1,0,1.0,0.022600000000000002,0.022600000000000002,0.02152404560214438,0.0,1,1
pitcher_against,676742,Cam Sanders,134,PIT,1,1,0,1.0,0.022600000000000002,0.022600000000000002,0.005041267653134285,0.0,1,1
pitcher_against,672782,Yoendrys Gomez,139,TB,1,1,0,1.0,0.022600000000000002,0.022600000000000002,0.014198627849707157,0.0,1,1
pitcher_against,694477,Chad Patrick,158,MIL,1,1,0,1.0,0.022600000000000002,0.022600000000000002,0.017266031656338166,0.0,1,0
pitcher_against,692230,Carlos Rodriguez,158,MIL,1,1,0,1.0,0.022600000000000002,0.022600000000000002,0.0005191349823636671,0.0,0,0
pitcher_against,664126,Pete Fairbanks,146,MIA,1,1,0,1.0,0.022600000000000002,0.022600000000000002,0.024248126589845452,0.0,1,1
pitcher_against,656848,Michael Petersen,146,MIA,1,1,0,1.0,0.022600000000000002,0.022600000000000002,0.05246441543558915,0.0,1,1
pitcher_against,641941,Emilio Pagan,113,CIN,1,1,0,1.0,0.022600000000000002,0.022600000000000002,0.013288714795561318,0.0,0,0
catcher_against,690924,Braxton Fulford,115,COL,1,1,0,1.0,0.022600000000000002,0.022600000000000002,0.017529615368721996,0.0,0,0
pitcher_against,680702,Joey Gerber,121,NYM,1,1,0,1.0,0.022600000000000002,0.022600000000000002,0.0014619272495981495,0.0,1,1
pitcher_against,595014,Blake Treinen,119,LAD,1,1,0,1.0,0.022600000000000002,0.022600000000000002,0.12036101967969592,0.0,1,1
pitcher_against,593974,Wandy Peralta,135,SD,1,1,0,1.0,0.022600000000000002,0.022600000000000002,0.0005442366363209716,0.0,1,1
pitcher_against,663158,Robert Suarez,144,ATL,1,1,0,1.0,0.022600000000000002,0.022600000000000002,0.032333551400666655,0.0,0,0
pitcher_against,674370,Osvaldo Bido,144,ATL,1,1,0,1.0,0.022600000000000002,0.022600000000000002,0.002480820595486155,0.0,1,1
pitcher_against,696147,Sam Bachman,108,LAA,1,1,0,1.0,0.022600000000000002,0.022600000000000002,0.019433062532574152,0.0,1,1
pitcher_against,686799,Jack Kochanowicz,108,LAA,1,1,0,1.0,0.022600000000000002,0.022600000000000002,0.030184576118744588,0.0,1,1
pitcher_against,641312,Shaun Anderson,108,LAA,1,1,0,1.0,0.022600000000000002,0.022600000000000002,0.0010632569927258029,0.0,0,0
pitcher_against,696131,Mason Black,118,KC,1,1,0,1.0,0.022600000000000002,0.022600000000000002,0.018556909705101265,0.0,1,1
pitcher_against,519141,Drew Pomeranz,108,LAA,1,1,0,1.0,0.022600000000000002,0.022600000000000002,0.003234346242308561,0.0,0,0
pitcher_against,669084,DL Hall,158,MIL,1,1,0,1.0,0.022600000000000002,0.022600000000000002,0.00011507799312415745,0.0,0,0
pitcher_against,687911,Bryan King,117,HOU,1,1,0,1.0,0.022600000000000002,0.022600000000000002,0.22485438796763613,0.0,0,0
pitcher_against,686613,Hunter Brown,117,HOU,1,1,0,1.0,0.022600000000000002,0.022600000000000002,0.00712089983101466,0.0,0,0
pitcher_against,664299,Cristian Javier,117,HOU,1,1,0,1.0,0.022600000000000002,0.022600000000000002,0.01846236254040534,0.0,0,1
pitcher_against,837227,Tatsuya Imai,117,HOU,1,1,0,1.0,0.022600000000000002,0.022600000000000002,0.02342973724563613,0.0,1,1
pitcher_against,678020,Seth Halvorsen,115,COL,1,1,0,1.0,0.022600000000000002,0.022600000000000002,0.0726266817509974,0.0,1,0
pitcher_against,685299,Tanner Gordon,115,COL,1,1,0,1.0,0.022600000000000002,0.022600000000000002,0.011180099398468424,0.0,1,1
pitcher_against,623474,Jimmy Herget,115,COL,1,1,0,1.0,0.022600000000000002,0.022600000000000002,0.019711646790952164,0.0,1,1
pitcher_against,800048,Parker Messick,114,CLE,1,1,0,1.0,0.022600000000000002,0.022600000000000002,0.012616730980511914,0.0,1,0
pitcher_against,665152,Dean Kremer,110,BAL,1,1,0,1.0,0.022600000000000002,0.022600000000000002,0.015070527239537446,0.0,0,0
pitcher_against,663465,Kolby Allard,114,CLE,1,1,0,1.0,0.022600000000000002,0.022600000000000002,0.009126588306325178,0.0,1,1
pitcher_against,608372,Tomoyuki Sugano,115,COL,1,1,0,1.0,0.022600000000000002,0.022600000000000002,0.010321960642105138,0.0,0,0
pitcher_against,693312,Kyle Nicolas,113,CIN,1,1,0,1.0,0.022600000000000002,0.022600000000000002,0.000676913933979284,0.0,0,0
pitcher_against,682254,Mason Montgomery,134,PIT,1,1,0,1.0,0.022600000000000002,0.022600000000000002,0.014358058053104195,0.0,0,0
catcher_against,665861,Sebastian Rivero,108,LAA,1,1,0,1.0,0.022600000000000002,0.022600000000000002,0.023803167221216004,0.0,0,1
pitcher_against,687606,Paxton Schultz,120,WSH,1,1,0,1.0,0.022600000000000002,0.022600000000000002,0.0893050147531232,0.0,1,1
pitcher_against,656457,Tyler Gilbert,145,CWS,1,1,0,1.0,0.022600000000000002,0.022600000000000002,0.0023817018423250014,0.0,0,0
pitcher_against,669684,Chris Murphy,145,CWS,1,1,0,1.0,0.022600000000000002,0.022600000000000002,0.011152348229710098,0.0,0,0
pitcher_against,571510,Matthew Boyd,112,CHC,1,1,0,1.0,0.022600000000000002,0.022600000000000002,0.023692177749464305,0.0,0,0
pitcher_against,621383,Tanner Banks,143,PHI,1,1,0,1.0,0.022600000000000002,0.022600000000000002,0.11564310047710691,0.0,1,1
pitcher_against,621237,Jose Alvarado,143,PHI,1,1,0,1.0,0.022600000000000002,0.022600000000000002,0.0011608377985591334,0.0,0,0
pitcher_against,663767,Chase Shugart,143,PHI,1,1,0,1.0,0.022600000000000002,0.022600000000000002,0.004367277751565202,0.0,1,1
pitcher_against,813349,Connelly Early,111,BOS,1,1,0,1.0,0.022600000000000002,0.022600000000000002,0.012201781057743388,0.0,0,0
pitcher_against,572143,Burch Smith,116,DET,1,1,0,1.0,0.022600000000000002,0.022600000000000002,0.0055154026429365954,0.0,0,0
pitcher_against,554430,Zack Wheeler,143,PHI,1,1,0,1.0,0.022600000000000002,0.022600000000000002,0.10517856551504612,0.0,1,1
pitcher_against,670167,John Schreiber,118,KC,1,1,0,1.0,0.022600000000000002,0.022600000000000002,0.011160605352935601,0.0,1,1
pitcher_against,678022,Jack Perkins,133,ATH,1,1,0,1.0,0.022600000000000002,0.022600000000000002,0.061929289828030365,0.0,0,1
pitcher_against,686993,Justin Sterner,133,ATH,1,1,0,1.0,0.022600000000000002,0.022600000000000002,0.04084540133124265,0.0,1,0
pitcher_against,664199,Taylor Clarke,109,AZ,1,1,0,1.0,0.022600000000000002,0.022600000000000002,0.01132313521766054,0.0,0,0
pitcher_against,625643,Reynaldo Lopez,144,ATL,2,1,1,0.5,0.022600000000000002,0.011300000000000001,0.0680807443043906,0.01504968359198211,1,1
pitcher_against,669467,Andre Pallante,138,STL,2,1,1,0.5,0.022600000000000002,0.011300000000000001,0.004912214851529595,0.016531630058750024,0,0
pitcher_against,663623,Jake Irvin,120,WSH,2,1,1,0.5,0.022600000000000002,0.011300000000000001,0.006473115363103132,0.007976230678786944,0,0
pitcher_against,607455,Anthony Banda,142,MIN,2,1,1,0.5,0.022600000000000002,0.011300000000000001,0.0032520079366399023,0.002529720785421352,0,0
pitcher_against,665660,Elvis Alvarado,133,ATH,2,1,1,0.5,0.022600000000000002,0.011300000000000001,0.0039566346071159275,0.03808020056165855,0,0
pitcher_against,669387,Carmen Mlodzinski,134,PIT,2,1,1,0.5,0.022600000000000002,0.011300000000000001,0.06484703540161657,0.004271696228873745,1,1
pitcher_against,643377,Griffin Jax,139,TB,2,1,1,0.5,0.022600000000000002,0.011300000000000001,0.01330974811512331,0.007233487031666375,0,0
pitcher_against,685801,Hunter Bigge,139,TB,2,1,1,0.5,0.022600000000000002,0.011300000000000001,0.018598190685895244,0.0023963829911251497,0,0
pitcher_against,668941,JoJo Romero,138,STL,2,1,1,0.5,0.022600000000000002,0.011300000000000001,0.022519929671635575,0.03218964633992483,0,0
pitcher_against,677961,Cole Wilcox,136,SEA,2,1,1,0.5,0.022600000000000002,0.011300000000000001,0.019708106098287104,0.022439976980406673,1,1
pitcher_against,660271,Shohei Ohtani,119,LAD,2,1,1,0.5,0.022600000000000002,0.011300000000000001,0.02095656530962431,0.01286726523256343,0,0
pitcher_against,657277,Logan Webb,137,SF,2,1,1,0.5,0.022600000000000002,0.011300000000000001,0.0025216908874058364,0.09464075501536962,0,0
pitcher_against,592791,Jameson Taillon,112,CHC,2,1,1,0.5,0.022600000000000002,0.011300000000000001,0.0186736136612079,0.04780181488439372,0,0
pitcher_against,650633,Michael King,135,SD,2,1,1,0.5,0.022600000000000002,0.011300000000000001,0.05486529587057487,0.060173844816675204,1,1
pitcher_against,606996,Kyle Hart,135,SD,2,1,1,0.5,0.022600000000000002,0.011300000000000001,0.06687685043876242,0.09432432903437726,1,1
pitcher_against,670970,Adrian Morejon,135,SD,2,1,1,0.5,0.022600000000000002,0.011300000000000001,0.026309009776910364,0.009370830608192035,0,0
pitcher_against,699134,Bradgley Rodriguez,135,SD,2,1,1,0.5,0.022600000000000002,0.011300000000000001,0.025358646463621293,0.006361828015523541,0,0
pitcher_against,676755,Isaac Mattson,134,PIT,2,1,1,0.5,0.022600000000000002,0.011300000000000001,0.006206338254529542,0.00506346507833888,0,0
pitcher_against,608650,Dietrich Enns,110,BAL,2,1,1,0.5,0.022600000000000002,0.011300000000000001,0.061678973670524107,0.018988448216940457,1,1
pitcher_against,679775,Kyle Backhus,143,PHI,2,1,1,0.5,0.022600000000000002,0.011300000000000001,0.03123326807590332,0.0009212028185759946,1,1
pitcher_against,641302,Tyler Alexander,140,TEX,2,1,1,0.5,0.022600000000000002,0.011300000000000001,0.041502875563324215,0.0023755833680961617,0,1
pitcher_against,666142,Cole Ragans,118,KC,2,1,1,0.5,0.022600000000000002,0.011300000000000001,0.012633447453847091,0.06273848563116557,0,1
pitcher_against,696070,Kendry Rojas,142,MIN,2,1,1,0.5,0.022600000000000002,0.011300000000000001,0.0045810248336898285,0.015359357240689153,0,0
pitcher_against,657044,Ryan Thompson,109,AZ,2,1,1,0.5,0.022600000000000002,0.011300000000000001,0.0011831755699289737,0.01374196956188356,0,0
pitcher_against,669923,George Kirby,136,SEA,2,1,1,0.5,0.022600000000000002,0.011300000000000001,0.009207248674926838,0.019689844076460794,0,0
pitcher_against,641927,Bailey Ober,142,MIN,2,1,1,0.5,0.022600000000000002,0.011300000000000001,0.014416853503464139,0.012727601788937393,0,0
pitcher_against,664285,Framber Valdez,116,DET,2,1,1,0.5,0.022600000000000002,0.011300000000000001,0.004829665782479897,0.024756519147035527,0,0
pitcher_against,641743,Anthony Kay,145,CWS,2,1,1,0.5,0.022600000000000002,0.011300000000000001,0.01859733033812902,0.022244296833886068,1,1
pitcher_against,656550,Grant Holmes,144,ATL,2,1,1,0.5,0.022600000000000002,0.011300000000000001,0.011052773338423805,0.16175487679578537,0,0
pitcher_against,700712,Walbert Urena,108,LAA,2,1,1,0.5,0.022600000000000002,0.011300000000000001,0.027471680520195524,0.026844983947960865,0,0
pitcher_against,683232,Nick Mears,118,KC,2,1,1,0.5,0.022600000000000002,0.011300000000000001,0.06307759822271253,0.0078947075907779,1,1
pitcher_against,663738,Daniel Lynch IV,118,KC,2,1,1,0.5,0.022600000000000002,0.011300000000000001,0.016072084192826686,0.00038578951336980943,0,0
pitcher_against,663559,Bailey Falter,118,KC,2,1,1,0.5,0.022600000000000002,0.011300000000000001,0.004169212602050165,0.005811783329255251,1,1
pitcher_against,676979,Garrett Crochet,111,BOS,2,1,1,0.5,0.022600000000000002,0.011300000000000001,0.06474835045786681,0.013611030786971401,1,1
pitcher_against,663947,Tyler Holton,116,DET,2,1,1,0.5,0.022600000000000002,0.011300000000000001,0.032775962077241205,0.0024967549445215065,0,1
pitcher_against,676440,Tanner Bibee,114,CLE,2,1,1,0.5,0.022600000000000002,0.011300000000000001,0.008331326162408947,0.006086330662727568,0,0
pitcher_against,684007,Shota Imanaga,112,CHC,2,1,1,0.5,0.022600000000000002,0.011300000000000001,0.02843198341117137,0.012630257291061375,1,1
pitcher_against,683175,Connor Phillips,113,CIN,2,1,1,0.5,0.022600000000000002,0.011300000000000001,0.06570372725032905,0.03197881139012648,1,1
pitcher_against,572955,Pierce Johnson,113,CIN,2,1,1,0.5,0.022600000000000002,0.011300000000000001,0.0014671771522114518,0.007544148613734758,0,0
pitcher_against,608371,Lucas Sims,145,CWS,2,1,1,0.5,0.022600000000000002,0.011300000000000001,0.005410533196210099,0.017616722703193477,1,0
pitcher_against,670329,Rico Garcia,110,BAL,2,1,1,0.5,0.022600000000000002,0.011300000000000001,0.29072045473947755,0.015030240868504463,1,0
pitcher_against,691548,Rolddy Munoz,144,ATL,2,1,1,0.5,0.022600000000000002,0.011300000000000001,0.018277984547559578,-0.0010359166761860772,1,1
pitcher_against,669276,Dylan Lee,144,ATL,2,1,1,0.5,0.022600000000000002,0.011300000000000001,0.000839730587818284,0.020240137983471462,0,0
pitcher_against,592662,Robbie Ray,137,SF,3,1,2,0.3333333333333333,0.022600000000000002,0.007533333333333334,0.015208051237237341,0.039166981753664176,0,0
pitcher_against,668909,Gavin Williams,114,CLE,3,1,2,0.3333333333333333,0.022600000000000002,0.007533333333333334,0.016111875063798853,0.031056313608362265,1,1
pitcher_against,680573,Simeon Woods Richardson,142,MIN,3,1,2,0.3333333333333333,0.022600000000000002,0.007533333333333334,0.018185508413645968,0.03679279511205635,0,0
pitcher_against,680767,Victor Vodnik,115,COL,3,1,2,0.3333333333333333,0.022600000000000002,0.007533333333333334,0.004771506649494994,0.028896021100300397,0,0
pitcher_against,687330,Kevin Kelly,139,TB,3,1,2,0.3333333333333333,0.022600000000000002,0.007533333333333334,0.1763771585325279,0.04192286217817685,1,1
pitcher_against,676282,Joey Cantillo,114,CLE,3,1,2,0.3333333333333333,0.022600000000000002,0.007533333333333334,0.036634509407444615,0.06115418687613039,1,1
catcher_against,681807,David Fry,114,CLE,3,1,2,0.3333333333333333,0.022600000000000002,0.007533333333333334,0.008331326162408947,0.06385788725399894,0,0
pitcher_against,595345,Steven Okert,117,HOU,3,1,2,0.3333333333333333,0.022600000000000002,0.007533333333333334,0.02025137074177663,0.02506100599220712,1,1
pitcher_against,518585,Fernando Cruz,147,NYY,3,1,2,0.3333333333333333,0.022600000000000002,0.007533333333333334,0.005503848213621598,0.015469050224136575,0,0
pitcher_against,623211,Huascar Brazoban,121,NYM,3,1,2,0.3333333333333333,0.022600000000000002,0.007533333333333334,0.003936634711407986,0.11042522720181208,0,0
pitcher_against,664141,JT Brubaker,137,SF,3,1,2,0.3333333333333333,0.022600000000000002,0.007533333333333334,0.0020770185748666707,0.0017018470455348877,1,0
pitcher_against,596001,Jakob Junis,140,TEX,3,1,2,0.3333333333333333,0.022600000000000002,0.007533333333333334,0.011676919635955053,0.023259576541537826,1,1
pitcher_against,663978,Chris Paddack,146,MIA,3,1,2,0.3333333333333333,0.022600000000000002,0.007533333333333334,0.015367857664052686,0.012837728105549062,1,1
pitcher_against,650644,Aaron Civale,133,ATH,3,1,2,0.3333333333333333,0.022600000000000002,0.007533333333333334,0.015748210635397775,0.03206546129658666,1,1
pitcher_against,643410,Mark Leiter Jr.,133,ATH,3,1,2,0.3333333333333333,0.022600000000000002,0.007533333333333334,0.04756024494031619,0.07520753912892231,0,0
pitcher_against,573124,Taylor Rogers,142,MIN,3,1,2,0.3333333333333333,0.022600000000000002,0.007533333333333334,0.05071493465277632,0.0046395676380146115,0,1
pitcher_against,668933,Graham Ashcraft,113,CIN,3,1,2,0.3333333333333333,0.022600000000000002,0.007533333333333334,0.033687446964732685,0.012634602243661138,0,0
pitcher_against,676684,Will Vest,116,DET,3,1,2,0.3333333333333333,0.022600000000000002,0.007533333333333334,0.06408499154258063,0.09853063362464748,0,1
pitcher_against,669373,Tarik Skubal,116,DET,3,1,2,0.3333333333333333,0.022600000000000002,0.007533333333333334,0.004833546848602044,0.026705167755866954,0,0
pitcher_against,664854,Ryan Helsley,110,BAL,3,1,2,0.3333333333333333,0.022600000000000002,0.007533333333333334,0.03522651623564643,0.040423320645403556,0,1
pitcher_against,641755,Tyler Kinley,144,ATL,3,1,2,0.3333333333333333,0.022600000000000002,0.007533333333333334,0.05198546004877637,0.03462096316575242,1,1
pitcher_against,656492,Foster Griffin,120,WSH,4,1,3,0.25,0.022600000000000002,0.0056500000000000005,0.057413872634275054,0.03035709675449519,1,1
pitcher_against,527048,Martin Perez,144,ATL,4,1,3,0.25,0.022600000000000002,0.0056500000000000005,0.017167782129902512,0.037972020238566606,1,1
pitcher_against,700241,Michael McGreevy,138,STL,4,1,3,0.25,0.022600000000000002,0.0056500000000000005,0.012616730980511914,0.08809789614103275,1,0
pitcher_against,592773,Ryne Stanek,138,STL,4,1,3,0.25,0.022600000000000002,0.0056500000000000005,0.043650893423585704,0.06709517659298764,0,1
pitcher_against,681870,Erik Sabrowski,114,CLE,4,1,3,0.25,0.022600000000000002,0.0056500000000000005,0.013363429901759913,0.1636255031704032,0,0
pitcher_against,641816,Tyler Mahle,137,SF,4,1,3,0.25,0.022600000000000002,0.0056500000000000005,0.0312279535245793,0.04781941420011543,1,1
pitcher_against,702070,Noah Cameron,118,KC,4,1,3,0.25,0.022600000000000002,0.0056500000000000005,0.04175107357789182,0.064223478427538,1,1
pitcher_against,650556,Bryan Abreu,117,HOU,4,1,3,0.25,0.022600000000000002,0.0056500000000000005,9.861814284428672e-05,0.05770447412292799,1,0
pitcher_against,573204,Caleb Thielbar,112,CHC,4,1,3,0.25,0.022600000000000002,0.0056500000000000005,0.009569513547065686,0.10034074459687636,1,1
pitcher_against,693645,Cam Schlittler,147,NYY,6,1,5,0.16666666666666666,0.022600000000000002,0.003766666666666667,0.019267289308761204,0.07713022494462704,1,1
pitcher_against,701542,Will Warren,147,NYY,6,1,5,0.16666666666666666,0.022600000000000002,0.003766666666666667,0.02131818799666968,0.08114834880705274,1,0
pitcher_against,622491,Luis Castillo,136,SEA,7,1,6,0.14285714285714285,0.022600000000000002,0.0032285714285714287,0.0008328205933350041,0.10466496937292946,0,0
pitcher_against,624133,Ranger Suarez,111,BOS,8,1,7,0.125,0.022600000000000002,0.0028250000000000003,0.004126270751320105,0.12663067465419123,0,0
catcher_against,691740,Daniel Susac,137,SF,4,0,4,0.0,0.0,0.0,0.0,0.02566514630922319,0,0
pitcher_against,657424,Matt Gage,137,SF,1,0,1,0.0,0.0,0.0,0.0,0.016563656395534324,0,0
pitcher_against,641793,Zack Littell,120,WSH,2,0,2,0.0,0.0,0.0,0.0,0.018254657701502808,0,0
pitcher_against,686218,Emmet Sheehan,119,LAD,2,0,2,0.0,0.0,0.0,0.0,0.017791357218317136,0,0
pitcher_against,677944,Slade Cecconi,114,CLE,3,0,3,0.0,0.0,0.0,0.0,0.0335229638326614,0,0
pitcher_against,641778,Eric Lauer,141,TOR,2,0,2,0.0,0.0,0.0,0.0,0.01636623478375754,0,0
pitcher_against,808967,Yoshinobu Yamamoto,119,LAD,2,0,2,0.0,0.0,0.0,0.0,0.04480568127166604,0,0
pitcher_against,657514,Brennan Bernardino,115,COL,1,0,1,0.0,0.0,0.0,0.0,0.03753334229158267,0,0
pitcher_against,615698,Cal Quantrill,140,TEX,1,0,1,0.0,0.0,0.0,0.0,0.00025917732919567005,0,0
pitcher_against,669022,MacKenzie Gore,140,TEX,1,0,1,0.0,0.0,0.0,0.0,0.005901248691494998,0,0
pitcher_against,663687,Hogan Harris,133,ATH,1,0,1,0.0,0.0,0.0,0.0,0.04507055419827133,0,0
pitcher_against,682608,Peyton Gray,140,TEX,1,0,1,0.0,0.0,0.0,0.0,9.496980059507188e-05,0,0
pitcher_against,677952,Braxton Ashcraft,134,PIT,1,0,1,0.0,0.0,0.0,0.0,0.04029620086104285,0,0
pitcher_against,695505,Chase Burns,113,CIN,1,0,1,0.0,0.0,0.0,0.0,0.029915898015249187,0,0
pitcher_against,669438,Mason Englert,139,TB,2,0,2,0.0,0.0,0.0,0.0,0.02057437346681784,0,0
pitcher_against,665871,Javier Assad,112,CHC,1,0,1,0.0,0.0,0.0,0.0,0.014620832343672716,0,0
pitcher_against,669947,Jesse Scholtens,139,TB,1,0,1,0.0,0.0,0.0,0.0,0.004044713609510864,0,0
pitcher_against,678394,Brayan Bello,111,BOS,1,0,1,0.0,0.0,0.0,0.0,0.0030173903284660963,0,0
pitcher_against,694918,Blade Tidwell,137,SF,1,0,1,0.0,0.0,0.0,0.0,0.002146414446629219,0,0
pitcher_against,650911,Cristopher Sanchez,143,PHI,5,0,5,0.0,0.0,0.0,0.0,0.08563993177599422,0,0
pitcher_against,694738,Landen Roupp,137,SF,3,0,3,0.0,0.0,0.0,0.0,0.06126822654548594,0,0
pitcher_against,621366,Ryan Borucki,137,SF,2,0,2,0.0,0.0,0.0,0.0,0.026652611621179212,0,0
pitcher_against,670280,David Bednar,147,NYY,2,0,2,0.0,0.0,0.0,0.0,0.19071912398877638,0,0
pitcher_against,678368,Valente Bellozo,115,COL,2,0,2,0.0,0.0,0.0,0.0,0.008324062990962888,0,0
pitcher_against,675848,Juan Mejia,115,COL,2,0,2,0.0,0.0,0.0,0.0,0.06683718278008122,0,0
pitcher_against,690928,Hunter Dobbins,138,STL,1,0,1,0.0,0.0,0.0,0.0,0.013340482839630213,0,0
pitcher_against,696062,Wilber Dotel,134,PIT,1,0,1,0.0,0.0,0.0,0.0,0.008542825546497934,0,0
pitcher_against,571945,Miles Mikolas,120,WSH,3,0,3,0.0,0.0,0.0,0.0,0.1099148057263937,0,0
pitcher_against,680730,Mitchell Parker,120,WSH,1,0,1,0.0,0.0,0.0,0.0,0.02269305249300846,0,0
pitcher_against,608566,German Marquez,135,SD,1,0,1,0.0,0.0,0.0,0.0,0.01338724424872001,0,0
pitcher_against,601713,Nick Pivetta,135,SD,1,0,1,0.0,0.0,0.0,0.0,0.013042844427388456,0,0
catcher_against,606992,Eric Haase,137,SF,1,0,1,0.0,0.0,0.0,0.0,0.015004786237331702,0,0
pitcher_against,694297,Brandon Pfaadt,109,AZ,3,0,3,0.0,0.0,0.0,0.0,0.028896192209205973,0,0
pitcher_against,691945,Carter Baumler,140,TEX,2,0,2,0.0,0.0,0.0,0.0,0.0021687570679610885,0,0
pitcher_against,683409,Angel Chivilli,147,NYY,1,0,1,0.0,0.0,0.0,0.0,0.009827961048204714,0,0
pitcher_against,642232,Ryan Yarbrough,147,NYY,2,0,2,0.0,0.0,0.0,0.0,0.005673408651603706,0,0
pitcher_against,661563,Luis Gil,147,NYY,1,0,1,0.0,0.0,0.0,0.0,0.028227457217298302,0,0
pitcher_against,660787,Yerry De los Santos,147,NYY,1,0,1,0.0,0.0,0.0,0.0,0.000458397422615775,0,0
pitcher_against,622663,Luis Severino,133,ATH,2,0,2,0.0,0.0,0.0,0.0,0.06967089887335443,0,0
pitcher_against,681402,Gus Varland,120,WSH,1,0,1,0.0,0.0,0.0,0.0,0.056999927732157396,0,0
pitcher_against,500779,Jose Quintana,115,COL,3,0,3,0.0,0.0,0.0,0.0,0.08499798535634495,0,0
pitcher_against,642547,Freddy Peralta,121,NYM,2,0,2,0.0,0.0,0.0,0.0,0.03304608328904324,0,0
pitcher_against,547179,Michael Lorenzen,115,COL,1,0,1,0.0,0.0,0.0,0.0,0.008466854389530376,0,0
pitcher_against,605130,Scott Barlow,133,ATH,1,0,1,0.0,0.0,0.0,0.0,0.021375133890427528,0,0
pitcher_against,668678,Zac Gallen,109,AZ,2,0,2,0.0,0.0,0.0,0.0,0.034469282925432,0,0
pitcher_against,656464,Kevin Ginkel,109,AZ,1,0,1,0.0,0.0,0.0,0.0,0.015025296746437045,0,0
pitcher_against,543243,Sonny Gray,111,BOS,2,0,2,0.0,0.0,0.0,0.0,0.048239495998642634,0,0
pitcher_against,646241,Enmanuel De Jesus,116,DET,1,0,1,0.0,0.0,0.0,0.0,0.005998690174334187,0,0
pitcher_against,518876,Merrill Kelly,109,AZ,1,0,1,0.0,0.0,0.0,0.0,0.01939565975704083,0,0
pitcher_against,656730,Trevor Megill,158,MIL,3,0,3,0.0,0.0,0.0,0.0,0.044506352793686255,0,0
pitcher_against,672582,Angel Zerpa,158,MIL,1,0,1,0.0,0.0,0.0,0.0,0.031625590912997575,0,0
pitcher_against,667297,Tommy Nance,141,TOR,1,0,1,0.0,0.0,0.0,0.0,0.008508948198322486,0,0
pitcher_against,669371,Cole Henry,120,WSH,1,0,1,0.0,0.0,0.0,0.0,0.030184008196097914,0,0
pitcher_against,657649,Jared Koenig,158,MIL,1,0,1,0.0,0.0,0.0,0.0,0.007491801684092969,0,0
pitcher_against,676083,Janson Junk,146,MIA,2,0,2,0.0,0.0,0.0,0.0,0.03443248728635806,0,0
pitcher_against,669199,Lake Bachar,146,MIA,1,0,1,0.0,0.0,0.0,0.0,0.008122929979544578,0,0
pitcher_against,681168,Luis Curvelo,140,TEX,1,0,1,0.0,0.0,0.0,0.0,0.00956453625344833,0,0
pitcher_against,621242,Edwin Diaz,119,LAD,1,0,1,0.0,0.0,0.0,0.0,0.01166884762488355,0,0
pitcher_against,808963,Roki Sasaki,119,LAD,1,0,1,0.0,0.0,0.0,0.0,0.012443073527775628,0,0
pitcher_against,686973,Louis Varland,141,TOR,1,0,1,0.0,0.0,0.0,0.0,0.010882429993843867,0,0
pitcher_against,592094,Jason Adam,135,SD,1,0,1,0.0,0.0,0.0,0.0,0.07065750813029432,0,0
pitcher_against,691946,George Klassen,108,LAA,1,0,1,0.0,0.0,0.0,0.0,0.020243147911135295,0,0
pitcher_against,674444,Steven Cruz,118,KC,2,0,2,0.0,0.0,0.0,0.0,0.0020445979245825585,0,0
pitcher_against,621112,Paul Blackburn,147,NYY,1,0,1,0.0,0.0,0.0,0.0,0.003789814692049087,0,0
pitcher_against,621121,Lance McCullers Jr.,117,HOU,3,0,3,0.0,0.0,0.0,0.0,0.06040289553236397,0,0
pitcher_against,805123,AJ Blubaugh,117,HOU,1,0,1,0.0,0.0,0.0,0.0,0.06111006972710986,0,0
pitcher_against,660853,Enyel De Los Santos,117,HOU,1,0,1,0.0,0.0,0.0,0.0,0.012133895514451147,0,0
pitcher_against,694335,Matt Svanson,138,STL,1,0,1,0.0,0.0,0.0,0.0,0.02036041922168519,0,0
catcher_against,650968,Yohel Pozo,138,STL,1,0,1,0.0,0.0,0.0,0.0,0.00022456883231547486,0,0
pitcher_against,688297,Chris Roycroft,138,STL,1,0,1,0.0,0.0,0.0,0.0,0.00022456883231547486,0,0
pitcher_against,656427,Jack Flaherty,116,DET,2,0,2,0.0,0.0,0.0,0.0,0.025949081882163022,0,0
pitcher_against,663372,Ryan Feltner,115,COL,2,0,2,0.0,0.0,0.0,0.0,0.009866132044495046,0,0
pitcher_against,688642,Zach Agnos,115,COL,1,0,1,0.0,0.0,0.0,0.0,3.439216057408664e-05,0,0
pitcher_against,663567,Peter Lambert,117,HOU,2,0,2,0.0,0.0,0.0,0.0,0.04136908534106609,0,0
pitcher_against,641401,Connor Brogdon,114,CLE,1,0,1,0.0,0.0,0.0,0.0,0.008133258101866603,0,0
pitcher_against,642397,Gregory Soto,134,PIT,1,0,1,0.0,0.0,0.0,0.0,0.0005588976774357913,0,0
pitcher_against,671096,Andrew Abbott,113,CIN,1,0,1,0.0,0.0,0.0,0.0,0.011228249230662679,0,0
pitcher_against,543056,Danny Coulombe,111,BOS,1,0,1,0.0,0.0,0.0,0.0,0.004608406254309694,0,0
pitcher_against,686580,Justin Slaten,111,BOS,1,0,1,0.0,0.0,0.0,0.0,0.026925079297819954,0,0
pitcher_against,683000,Riley Cornelio,120,WSH,1,0,1,0.0,0.0,0.0,0.0,0.056748452802238614,0,0
pitcher_against,669330,Tyler Wells,110,BAL,2,0,2,0.0,0.0,0.0,0.0,0.06934923594408798,0,0
pitcher_against,701552,Andre Granillo,120,WSH,1,0,1,0.0,0.0,0.0,0.0,0.004326249331506826,0,0
pitcher_against,676962,Ben Brown,112,CHC,1,0,1,0.0,0.0,0.0,0.0,0.0035922069128292433,0,0
pitcher_against,700842,Eduardo Rivera,111,BOS,1,0,1,0.0,0.0,0.0,0.0,0.0044621220852798515,0,0
pitcher_against,663558,Jovani Moran,111,BOS,1,0,1,0.0,0.0,0.0,0.0,0.00384881874474019,0,0
pitcher_against,547973,Aroldis Chapman,111,BOS,1,0,1,0.0,0.0,0.0,0.0,0.00110394909415503,0,0
pitcher_against,544150,Albert Suarez,110,BAL,1,0,1,0.0,0.0,0.0,0.0,0.013760015187055274,0,0
pitcher_against,687064,Brandon Young,110,BAL,1,0,1,0.0,0.0,0.0,0.0,0.005527332809711072,0,0
pitcher_against,675919,Nick Raquet,110,BAL,1,0,1,0.0,0.0,0.0,0.0,0.006532588537042527,0,0
pitcher_against,605288,Adrian Houser,137,SF,1,0,1,0.0,0.0,0.0,0.0,0.007399642868153977,0,0
pitcher_against,519242,Chris Sale,144,ATL,3,0,3,0.0,0.0,0.0,0.0,0.013304605144143,0,0
pitcher_against,693821,Bryce Elder,144,ATL,3,0,3,0.0,0.0,0.0,0.0,0.028129344547301177,0,0
pitcher_against,665622,Luis Medina,133,ATH,2,0,2,0.0,0.0,0.0,0.0,0.018609039828238916,0,0
pitcher_against,663436,Davis Martin,145,CWS,2,0,2,0.0,0.0,0.0,0.0,0.02410064738268658,0,0
pitcher_against,663855,Jordan Hicks,145,CWS,1,0,1,0.0,0.0,0.0,0.0,0.0014970967963310322,0,0
pitcher_against,669194,Ryne Nelson,109,AZ,1,0,1,0.0,0.0,0.0,0.0,0.060398983324339794,0,0
