role,player_id,player_name,team_id,team_abbr,challenges_against,failed_challenges_against,overturned_challenges_against,failed_challenges_against_rate,fooled_xwpa,fooled_xwpa_per_challenge_against,failed_against_wpa_at_stake,opponent_success_xwpa,failed_strikeout_challenges_against,failed_reasonable_challenges_against
catcher_against,663728,Cal Raleigh,136,SEA,21,18,3,0.8571428571428571,0.40680000000000005,0.019371428571428574,0.36498328061776886,0.030431748137954462,7,4
catcher_against,673237,Yainer Diaz,117,HOU,23,15,8,0.6521739130434783,0.339,0.01473913043478261,0.3354955466232882,0.17517143593073503,5,6
catcher_against,681351,Logan O'Hoppe,108,LAA,23,15,8,0.6521739130434783,0.339,0.01473913043478261,0.2204330924668465,0.18374068031984797,6,5
catcher_against,680779,Henry Davis,134,PIT,20,14,6,0.7,0.3164,0.01582,0.5145643483135621,0.08203786248040817,7,6
catcher_against,663743,Nick Fortes,139,TB,20,13,7,0.65,0.2938,0.01469,0.32446149978017635,0.1667311242223736,3,3
catcher_against,521692,Salvador Perez,118,KC,23,13,10,0.5652173913043478,0.2938,0.01277391304347826,0.3444671876763263,0.1356709210501824,8,6
catcher_against,689414,Liam Hicks,146,MIA,17,12,5,0.7058823529411765,0.2712,0.015952941176470586,0.20732041385440403,0.029911088420954718,3,5
catcher_against,663886,Tyler Stephenson,113,CIN,19,12,7,0.631578947368421,0.2712,0.014273684210526315,0.39238600714916905,0.09965513386919272,4,4
catcher_against,693307,Dillon Dingler,116,DET,21,12,9,0.5714285714285714,0.2712,0.012914285714285715,0.31507833680655095,0.19719094239171736,6,7
catcher_against,686780,Pedro Pages,138,STL,16,11,5,0.6875,0.24860000000000002,0.015537500000000001,0.4013722259745335,0.07175512121454475,4,5
catcher_against,608348,Carson Kelly,112,CHC,19,11,8,0.5789473684210527,0.24860000000000002,0.01308421052631579,0.14045571928896297,0.241473408535885,6,5
catcher_against,665561,Rafael Marchan,143,PHI,17,10,7,0.5882352941176471,0.22600000000000003,0.013294117647058826,0.3528685636666278,0.09872758533222459,5,6
catcher_against,543510,James McCann,109,AZ,17,10,7,0.5882352941176471,0.22600000000000003,0.013294117647058826,0.30632423378965223,0.17495001347905736,6,5
catcher_against,680777,Ryan Jeffers,142,MIN,18,10,8,0.5555555555555556,0.22600000000000003,0.012555555555555558,0.2921103557866327,0.06223331337663989,2,2
catcher_against,661388,William Contreras,158,MIL,18,10,8,0.5555555555555556,0.22600000000000003,0.012555555555555558,0.2689812071145329,0.13597665092098832,4,2
catcher_against,700337,Edgar Quero,145,CWS,19,10,9,0.5263157894736842,0.22600000000000003,0.011894736842105265,0.22463796181305642,0.08027005038994386,4,4
catcher_against,669224,Austin Wells,147,NYY,27,10,17,0.37037037037037035,0.22600000000000003,0.008370370370370372,0.20367214123626665,0.2789628371725231,7,5
catcher_against,663698,Joey Bart,134,PIT,10,9,1,0.9,0.20340000000000003,0.020340000000000004,0.22265204365323837,0.09178078091677289,4,4
catcher_against,694212,Samuel Basallo,110,BAL,14,9,5,0.6428571428571429,0.20340000000000003,0.01452857142857143,0.471928173561432,0.08726419578498798,6,4
catcher_against,669257,Will Smith,119,LAD,15,9,6,0.6,0.20340000000000003,0.013560000000000001,0.17235066651344524,0.08431821552123159,2,3
catcher_against,664954,Brett Sullivan,115,COL,16,9,7,0.5625,0.20340000000000003,0.012712500000000002,0.13460147727530633,0.13112580032090726,3,2
catcher_against,669134,Luis Campusano,135,SD,16,9,7,0.5625,0.20340000000000003,0.012712500000000002,0.19974394317886668,0.25409996642944943,5,2
catcher_against,665966,Carlos Narvaez,111,BOS,25,9,16,0.36,0.20340000000000003,0.008136000000000001,0.1387806217270527,0.29899062796202946,2,3
catcher_against,682626,Francisco Alvarez,121,NYM,12,8,4,0.6666666666666666,0.18080000000000002,0.015066666666666667,0.13756472442864814,0.14718095359668507,3,3
catcher_against,682663,Agustin Ramirez,146,MIA,13,8,5,0.6153846153846154,0.18080000000000002,0.013907692307692308,0.2730763884737749,0.07287461792849365,2,1
catcher_against,592663,J.T. Realmuto,143,PHI,13,8,5,0.6153846153846154,0.18080000000000002,0.013907692307692308,0.18058031085258647,0.0772739789982228,3,3
catcher_against,595978,Austin Hedges,114,CLE,16,8,8,0.5,0.18080000000000002,0.011300000000000001,0.07646756612844025,0.12185712355986437,2,2
catcher_against,666023,Freddy Fermin,135,SD,16,8,8,0.5,0.18080000000000002,0.011300000000000001,0.1879551081649008,0.09905608094807206,3,5
catcher_against,686948,Drake Baldwin,144,ATL,17,8,9,0.47058823529411764,0.18080000000000002,0.01063529411764706,0.15780654200112892,0.07084908410068186,4,4
catcher_against,696100,Hunter Goodman,115,COL,18,8,10,0.4444444444444444,0.18080000000000002,0.010044444444444446,0.13798511116427634,0.09514506723391103,3,2
catcher_against,686452,Drew Millas,120,WSH,20,8,12,0.4,0.18080000000000002,0.009040000000000001,0.179310096502519,0.249951929057942,3,2
catcher_against,620443,Luis Torrens,121,NYM,11,7,4,0.6363636363636364,0.1582,0.014381818181818183,0.1644966334503512,0.08263339072164361,4,2
catcher_against,605170,Victor Caratini,142,MIN,11,7,4,0.6363636363636364,0.1582,0.014381818181818183,0.27838025515430054,0.10835256630418337,2,3
catcher_against,695600,Carter Jensen,118,KC,13,7,6,0.5384615384615384,0.1582,0.012169230769230769,0.11529781571015038,0.20467861172545118,3,2
catcher_against,623168,Tyler Heineman,141,TOR,14,7,7,0.5,0.1582,0.011300000000000001,0.1436380102697188,0.08257590563781304,2,3
catcher_against,666310,Bo Naylor,114,CLE,14,7,7,0.5,0.1582,0.011300000000000001,0.17476022536570454,0.17176167035789885,6,5
catcher_against,669127,Shea Langeliers,133,ATH,15,7,8,0.4666666666666667,0.1582,0.010546666666666668,0.15859112856356267,0.14792429672631532,2,1
catcher_against,672275,Patrick Bailey,137,SF,20,7,13,0.35,0.1582,0.00791,0.15390048277651094,0.3385124864053457,4,1
pitcher_against,641835,Tim Mayza,143,PHI,8,6,2,0.75,0.1356,0.01695,0.03758434838644769,0.04460203901702203,1,2
catcher_against,660688,Keibert Ruiz,120,WSH,10,6,4,0.6,0.1356,0.01356,0.15351914110458645,0.09488816986563317,2,1
catcher_against,668670,Jake Rogers,116,DET,10,6,4,0.6,0.1356,0.01356,0.059689090387587365,0.1242607914118985,1,4
catcher_against,643376,Danny Jansen,140,TEX,13,6,7,0.46153846153846156,0.1356,0.010430769230769231,0.1730695934485584,0.04378275926616799,3,4
pitcher_against,657746,Joe Ryan,142,MIN,6,5,1,0.8333333333333334,0.11300000000000002,0.018833333333333337,0.1767210979314244,0.0017683598262783692,2,1
pitcher_against,687396,Brent Headrick,147,NYY,6,5,1,0.8333333333333334,0.11300000000000002,0.018833333333333337,0.13358309575840097,0.019407958904724368,4,3
pitcher_against,660825,Eduard Bazardo,136,SEA,6,5,1,0.8333333333333334,0.11300000000000002,0.018833333333333337,0.21089706619836474,0.004785935094815175,3,3
pitcher_against,801403,Chase Dollander,115,COL,7,5,2,0.7142857142857143,0.11300000000000002,0.016142857142857146,0.04328333683212998,0.006792597862851024,1,0
pitcher_against,663969,Tyler Phillips,146,MIA,7,5,2,0.7142857142857143,0.11300000000000002,0.016142857142857146,0.060924694216595646,0.0009396327477282362,0,0
pitcher_against,593958,Eduardo Rodriguez,109,AZ,7,5,2,0.7142857142857143,0.11300000000000002,0.016142857142857146,0.23856058426141574,0.025006794043531066,2,2
pitcher_against,672282,Reid Detmers,108,LAA,7,5,2,0.7142857142857143,0.11300000000000002,0.016142857142857146,0.09959777041054829,0.06232499184802015,2,1
catcher_against,691011,Drew Romo,145,CWS,7,5,2,0.7142857142857143,0.11300000000000002,0.016142857142857146,0.03575902219971789,0.03581919896429159,1,2
catcher_against,624512,Reese McGuire,145,CWS,9,5,4,0.5555555555555556,0.11300000000000002,0.012555555555555558,0.04895407932893142,0.020432816431029056,1,1
catcher_against,678218,Brandon Valenzuela,141,TOR,11,5,6,0.45454545454545453,0.11300000000000002,0.010272727272727274,0.034674724660353845,0.05836653529868824,3,1
catcher_against,543309,Kyle Higashioka,140,TEX,13,5,8,0.38461538461538464,0.11300000000000002,0.008692307692307694,0.10614454981056876,0.05918853704066305,4,2
catcher_against,641555,J.C. Escarra,147,NYY,13,5,8,0.38461538461538464,0.11300000000000002,0.008692307692307694,0.1884539561381208,0.18392614746515407,4,2
pitcher_against,672335,Cionel Perez,120,WSH,4,4,0,1.0,0.09040000000000001,0.022600000000000002,0.11823137379564355,0.0,1,1
pitcher_against,677955,Jaden Hill,115,COL,4,4,0,1.0,0.09040000000000001,0.022600000000000002,0.07882562475023797,0.0,2,2
pitcher_against,694973,Paul Skenes,134,PIT,4,4,0,1.0,0.09040000000000001,0.022600000000000002,0.22750808947610168,0.0,3,2
pitcher_against,682842,Abner Uribe,158,MIL,4,4,0,1.0,0.09040000000000001,0.022600000000000002,0.15391657413860013,0.0,1,1
pitcher_against,669622,Anthony Bender,146,MIA,5,4,1,0.8,0.09040000000000001,0.018080000000000002,0.11809362027336721,0.038370565779219434,1,1
pitcher_against,623149,Paul Sewald,109,AZ,5,4,1,0.8,0.09040000000000001,0.018080000000000002,0.09831744773076395,0.04939433606588761,2,1
catcher_against,518595,Travis d'Arnaud,108,LAA,5,4,1,0.8,0.09040000000000001,0.018080000000000002,0.05684103495409992,0.044100490598107,1,1
catcher_against,596142,Gary Sanchez,158,MIL,5,4,1,0.8,0.09040000000000001,0.018080000000000002,0.056669754018882634,0.015306498244157973,2,2
pitcher_against,607625,Seth Lugo,118,KC,5,4,1,0.8,0.09040000000000001,0.018080000000000002,0.06709995640719649,0.007660901767438222,2,1
catcher_against,676439,Hunter Feduccia,139,TB,6,4,2,0.6666666666666666,0.09040000000000001,0.015066666666666667,0.08198786388951859,0.010945381289555356,2,1
pitcher_against,571927,Steven Matz,139,TB,6,4,2,0.6666666666666666,0.09040000000000001,0.015066666666666667,0.036443028064054,0.08750194509102815,1,1
pitcher_against,645261,Sandy Alcantara,146,MIA,6,4,2,0.6666666666666666,0.09040000000000001,0.015066666666666667,0.09583150588574803,0.014096602202869984,0,1
catcher_against,680728,Adrian Del Castillo,109,AZ,6,4,2,0.6666666666666666,0.09040000000000001,0.015066666666666667,0.050985754018657736,0.02834936270120858,1,1
catcher_against,665804,Miguel Amaya,112,CHC,7,4,3,0.5714285714285714,0.09040000000000001,0.012914285714285715,0.09683794587017974,0.11789303876388164,2,2
pitcher_against,605400,Aaron Nola,143,PHI,8,4,4,0.5,0.09040000000000001,0.011300000000000001,0.05397476170261492,0.04651568011753415,0,1
pitcher_against,677960,Ryan Weathers,147,NYY,8,4,4,0.5,0.09040000000000001,0.011300000000000001,0.07926588249885004,0.06823976344423321,2,2
catcher_against,641598,Mitch Garver,136,SEA,12,4,8,0.3333333333333333,0.09040000000000001,0.007533333333333334,0.04452702680799128,0.13249342838685418,2,2
catcher_against,668939,Adley Rutschman,110,BAL,16,4,12,0.25,0.09040000000000001,0.0056500000000000005,0.12469116597850599,0.19270547143927097,1,2
pitcher_against,607259,Nick Martinez,139,TB,3,3,0,1.0,0.0678,0.0226,0.04048713355550573,0.0,1,1
pitcher_against,669160,Dustin May,138,STL,3,3,0,1.0,0.0678,0.0226,0.03709172394577037,0.0,1,1
pitcher_against,695243,Mason Miller,135,SD,3,3,0,1.0,0.0678,0.0226,0.05162485190639611,0.0,3,1
pitcher_against,670990,Yohan Ramirez,134,PIT,3,3,0,1.0,0.0678,0.0226,0.16984479534656205,0.0,1,1
pitcher_against,642701,Dennis Santana,134,PIT,3,3,0,1.0,0.0678,0.0226,0.07989611750911293,0.0,2,3
pitcher_against,663554,Casey Mize,116,DET,3,3,0,1.0,0.0678,0.0226,0.05747235503999559,0.0,1,1
pitcher_against,694819,Jacob Misiorowski,158,MIL,3,3,0,1.0,0.0678,0.0226,0.08846866143436338,0.0,3,2
pitcher_against,680736,Justin Wrobleski,119,LAD,3,3,0,1.0,0.0678,0.0226,0.10071056746692185,0.0,0,1
pitcher_against,656271,Brock Burke,113,CIN,3,3,0,1.0,0.0678,0.0226,0.1544169139443627,0.0,2,2
pitcher_against,681252,Jack Anderson,111,BOS,3,3,0,1.0,0.0678,0.0226,0.08633751278254254,0.0,1,2
pitcher_against,594798,Jacob deGrom,140,TEX,4,3,1,0.75,0.0678,0.01695,0.09933146135537746,0.013828147197681773,2,2
pitcher_against,695076,Rhett Lowder,113,CIN,4,3,1,0.75,0.0678,0.01695,0.22287468329108573,0.002572923502862867,3,3
pitcher_against,642100,Gabe Speier,136,SEA,4,3,1,0.75,0.0678,0.01695,0.06858972600387975,-0.0011208036475138378,1,0
pitcher_against,681517,Kyle Leahy,138,STL,4,3,1,0.75,0.0678,0.01695,0.10951349080616166,0.013768739998523238,2,2
pitcher_against,680694,Kyle Bradish,110,BAL,4,3,1,0.75,0.0678,0.01695,0.04258723431717182,0.010367341703552913,0,0
pitcher_against,666661,Juan Morillo,109,AZ,4,3,1,0.75,0.0678,0.01695,0.03297158535285649,0.08322946753390385,0,0
pitcher_against,608379,Michael Wacha,118,KC,4,3,1,0.75,0.0678,0.01695,0.04512942213888199,0.019782730474175114,1,0
pitcher_against,608718,Brent Suter,108,LAA,4,3,1,0.75,0.0678,0.01695,0.010938121242000276,0.029557632724606597,0,0
pitcher_against,690997,Nolan McLean,121,NYM,4,3,1,0.75,0.0678,0.01695,0.12217303912737587,0.019865290669600744,2,2
pitcher_against,622554,Seranthony Dominguez,145,CWS,4,3,1,0.75,0.0678,0.01695,0.014409863662560148,0.005482233515113233,0,0
pitcher_against,667755,Jose Soriano,108,LAA,4,3,1,0.75,0.0678,0.01695,0.06499936079002958,0.0014287563157348547,1,2
pitcher_against,681293,Spencer Arrighetti,117,HOU,4,3,1,0.75,0.0678,0.01695,0.06045096805619947,0.01090446760772451,1,1
pitcher_against,656302,Dylan Cease,141,TOR,5,3,2,0.6,0.0678,0.01356,0.04953889992119681,0.03873350181727825,1,1
pitcher_against,671922,Cade Smith,114,CLE,5,3,2,0.6,0.0678,0.01356,0.07035963995281376,0.011237469102426074,1,1
pitcher_against,680755,Braydon Fisher,141,TOR,5,3,2,0.6,0.0678,0.01356,0.02843391253697913,0.016763803665937924,0,1
pitcher_against,605488,Jeffrey Springs,133,ATH,5,3,2,0.6,0.0678,0.01356,0.03807156710227494,0.02651195976767684,0,0
pitcher_against,696149,Bubba Chandler,134,PIT,5,3,2,0.6,0.0678,0.01356,0.07869661401691415,0.09713859592438756,1,1
catcher_against,624431,Jose Trevino,113,CIN,5,3,2,0.6,0.0678,0.01356,0.1922910798974344,0.021413868427600347,2,3
pitcher_against,681347,Mike Burrows,117,HOU,5,3,2,0.6,0.0678,0.01356,0.15877853818948767,0.0194900157072313,1,2
pitcher_against,676760,Ron Marinaccio,135,SD,5,3,2,0.6,0.0678,0.01356,0.01193262564912045,-0.007412899815739921,1,1
catcher_against,553869,Elias Diaz,118,KC,5,3,2,0.6,0.0678,0.01356,0.051375977735974854,0.01936256866497964,2,3
pitcher_against,691799,Grant Taylor,145,CWS,5,3,2,0.6,0.0678,0.01356,0.07298593924360644,0.007086026696384834,0,1
pitcher_against,663903,Brady Singer,113,CIN,6,3,3,0.5,0.0678,0.0113,0.0613497269595986,0.03539558396782844,0,1
pitcher_against,542888,Shawn Armstrong,114,CLE,6,3,3,0.5,0.0678,0.0113,0.07744453464453523,0.024359322850019592,1,1
pitcher_against,668674,Lucas Erceg,118,KC,6,3,3,0.5,0.0678,0.0113,0.16165792016375002,0.17618642145582333,2,2
catcher_against,657136,Connor Wong,111,BOS,7,3,4,0.42857142857142855,0.0678,0.009685714285714285,0.09480858497945817,0.02199869832206358,1,1
catcher_against,672515,Gabriel Moreno,109,AZ,8,3,5,0.375,0.0678,0.008475,0.04651878090941797,0.11321866380601522,0,0
catcher_against,641680,Jonah Heim,144,ATL,9,3,6,0.3333333333333333,0.0678,0.007533333333333333,0.09937782559170077,0.2327711077916005,2,2
catcher_against,671056,Ivan Herrera,138,STL,9,3,6,0.3333333333333333,0.0678,0.007533333333333333,0.02258975646173156,0.1303081208637868,1,0
catcher_against,642851,Austin Wynns,133,ATH,10,3,7,0.3,0.0678,0.00678,0.10574664076514889,0.1708120685863329,0,1
catcher_against,543877,Christian Vazquez,117,HOU,11,3,8,0.2727272727272727,0.0678,0.006163636363636363,0.26101324767591894,0.17778646697019987,1,1
pitcher_against,702275,JR Ritchie,144,ATL,2,2,0,1.0,0.045200000000000004,0.022600000000000002,0.043637948296962936,0.0,1,1
pitcher_against,676917,Cade Cavalli,120,WSH,2,2,0,1.0,0.045200000000000004,0.022600000000000002,0.037410881972085364,0.0,1,0
pitcher_against,683618,Edgardo Henriquez,119,LAD,2,2,0,1.0,0.045200000000000004,0.022600000000000002,0.00896318241851753,0.0,1,2
pitcher_against,670059,Colin Holderman,114,CLE,2,2,0,1.0,0.045200000000000004,0.022600000000000002,0.005625023806092533,0.0,1,1
pitcher_against,656546,Jeff Hoffman,141,TOR,2,2,0,1.0,0.045200000000000004,0.022600000000000002,0.03971743769629374,0.0,1,1
pitcher_against,608331,Max Fried,147,NYY,2,2,0,1.0,0.045200000000000004,0.022600000000000002,0.03848198946571857,0.0,2,0
pitcher_against,656876,Drew Rasmussen,139,TB,2,2,0,1.0,0.045200000000000004,0.022600000000000002,0.06045734613354509,0.0,1,0
pitcher_against,678606,Jose A. Ferrer,136,SEA,2,2,0,1.0,0.045200000000000004,0.022600000000000002,0.0165669051760078,0.0,0,0
pitcher_against,701719,Tyler Samaniego,111,BOS,2,2,0,1.0,0.045200000000000004,0.022600000000000002,0.027812069812279794,0.0,0,0
pitcher_against,642207,Devin Williams,121,NYM,2,2,0,1.0,0.045200000000000004,0.022600000000000002,0.06084061202722957,0.0,0,0
pitcher_against,681867,Cooper Criswell,136,SEA,2,2,0,1.0,0.045200000000000004,0.022600000000000002,0.012187154175381708,0.0,1,1
pitcher_against,685005,Christian Roa,117,HOU,2,2,0,1.0,0.045200000000000004,0.022600000000000002,0.004739959576480657,0.0,0,0
pitcher_against,676106,Emerson Hancock,136,SEA,2,2,0,1.0,0.045200000000000004,0.022600000000000002,0.020915347748440644,0.0,0,0
pitcher_against,664208,Phil Maton,112,CHC,2,2,0,1.0,0.045200000000000004,0.022600000000000002,0.016464250108820466,0.0,1,1
pitcher_against,688158,David Morgan,135,SD,2,2,0,1.0,0.045200000000000004,0.022600000000000002,0.02511472333706366,0.0,0,1
pitcher_against,666277,George Soriano,138,STL,2,2,0,1.0,0.045200000000000004,0.022600000000000002,0.1617717026036692,0.0,1,1
pitcher_against,656605,Mitch Keller,134,PIT,2,2,0,1.0,0.045200000000000004,0.022600000000000002,0.01236410774130714,0.0,0,0
pitcher_against,664875,Justin Lawrence,134,PIT,2,2,0,1.0,0.045200000000000004,0.022600000000000002,0.0011780823582820954,0.0,1,0
pitcher_against,677053,Andrew Nardi,146,MIA,2,2,0,1.0,0.045200000000000004,0.022600000000000002,0.10168903174558619,0.0,1,0
pitcher_against,668964,Tobias Myers,121,NYM,2,2,0,1.0,0.045200000000000004,0.022600000000000002,0.01771934392856056,0.0,0,0
pitcher_against,682227,Brandon Williamson,113,CIN,2,2,0,1.0,0.045200000000000004,0.022600000000000002,0.07655858361912915,0.0,1,1
pitcher_against,622608,Antonio Senzatela,115,COL,2,2,0,1.0,0.045200000000000004,0.022600000000000002,0.015709363937319726,0.0,0,0
pitcher_against,669212,Eli Morgan,118,KC,2,2,0,1.0,0.045200000000000004,0.022600000000000002,0.018952833685295434,0.0,1,0
pitcher_against,680802,Ryan Weiss,117,HOU,2,2,0,1.0,0.045200000000000004,0.022600000000000002,0.004072894283207951,0.0,0,0
pitcher_against,445276,Kenley Jansen,116,DET,2,2,0,1.0,0.045200000000000004,0.022600000000000002,0.026395977072135996,0.0,0,2
catcher_against,669087,Sam Huff,110,BAL,2,2,0,1.0,0.045200000000000004,0.022600000000000002,0.03061805816249452,0.0,1,0
pitcher_against,640451,Hunter Harvey,112,CHC,2,2,0,1.0,0.045200000000000004,0.022600000000000002,0.0341938251927527,0.0,1,0
pitcher_against,623454,Drew Anderson,116,DET,2,2,0,1.0,0.045200000000000004,0.022600000000000002,0.11886626294610483,0.0,2,1
pitcher_against,682995,Hunter Barco,134,PIT,2,2,0,1.0,0.045200000000000004,0.022600000000000002,0.06481331430033548,0.0,1,1
pitcher_against,656794,Sean Newcomb,145,CWS,2,2,0,1.0,0.045200000000000004,0.022600000000000002,0.09062387583595666,0.0,1,1
pitcher_against,702273,Noah Schultz,145,CWS,2,2,0,1.0,0.045200000000000004,0.022600000000000002,0.050963622965723765,0.0,1,1
pitcher_against,657097,Jacob Webb,112,CHC,2,2,0,1.0,0.045200000000000004,0.022600000000000002,0.007273023394006373,0.0,0,0
pitcher_against,676477,Garrett Whitlock,111,BOS,2,2,0,1.0,0.045200000000000004,0.022600000000000002,0.02377491238108166,0.0,0,0
pitcher_against,689296,Anthony Nunez,110,BAL,2,2,0,1.0,0.045200000000000004,0.022600000000000002,0.007655706445728994,0.0,1,0
pitcher_against,676263,Jack Dreyer,119,LAD,3,2,1,0.6666666666666666,0.045200000000000004,0.015066666666666667,0.005156470546596761,0.018001973431504892,0,0
pitcher_against,607536,Kyle Freeland,115,COL,3,2,1,0.6666666666666666,0.045200000000000004,0.015066666666666667,0.015990196729075756,0.010407748843822007,0,0
pitcher_against,607067,Colin Rea,112,CHC,3,2,1,0.6666666666666666,0.045200000000000004,0.015066666666666667,0.06528716316117422,0.011468908967269709,2,2
pitcher_against,669302,Logan Gilbert,136,SEA,3,2,1,0.6666666666666666,0.045200000000000004,0.015066666666666667,0.029727467178771394,0.0049217216054351365,2,0
pitcher_against,640455,Sean Manaea,121,NYM,3,2,1,0.6666666666666666,0.045200000000000004,0.015066666666666667,0.03387006270847159,0.015214484076363388,2,1
pitcher_against,657756,Connor Seabold,116,DET,3,2,1,0.6666666666666666,0.045200000000000004,0.015066666666666667,0.011785344543521536,0.013087789136587036,1,2
pitcher_against,691725,Andrew Painter,143,PHI,3,2,1,0.6666666666666666,0.045200000000000004,0.015066666666666667,0.037844718883118744,0.02825659264416147,1,1
pitcher_against,666200,Jesus Luzardo,143,PHI,3,2,1,0.6666666666666666,0.045200000000000004,0.015066666666666667,0.16503100658808184,0.003268998160615766,2,2
pitcher_against,695418,Brad Lord,120,WSH,3,2,1,0.6666666666666666,0.045200000000000004,0.015066666666666667,0.00520714892135812,0.005659218101462358,1,0
pitcher_against,605447,Jordan Romano,108,LAA,3,2,1,0.6666666666666666,0.045200000000000004,0.015066666666666667,0.031367875014017416,0.07554945054945061,1,1
catcher_against,664731,P.J. Higgins,113,CIN,3,2,1,0.6666666666666666,0.045200000000000004,0.015066666666666667,0.07685299111675842,0.002572923502862867,1,1
pitcher_against,687075,Brandon Sproat,158,MIL,3,2,1,0.6666666666666666,0.045200000000000004,0.015066666666666667,0.041807909350831673,0.015306498244157973,1,1
pitcher_against,672456,Keider Montero,116,DET,3,2,1,0.6666666666666666,0.045200000000000004,0.015066666666666667,0.08789714165332468,0.007465406163021104,2,2
pitcher_against,675989,Cody Bolton,117,HOU,3,2,1,0.6666666666666666,0.045200000000000004,0.015066666666666667,0.06151045810587242,-0.0037517109451013376,1,1
pitcher_against,669358,Shane Baz,110,BAL,3,2,1,0.6666666666666666,0.045200000000000004,0.015066666666666667,0.07749609179162265,0.0038776088818422982,2,2
pitcher_against,663992,Richard Lovelady,120,WSH,3,2,1,0.6666666666666666,0.045200000000000004,0.015066666666666667,0.027739046965496922,0.020683962325475647,0,0
pitcher_against,702303,Riley Martin,112,CHC,3,2,1,0.6666666666666666,0.045200000000000004,0.015066666666666667,0.007132637389669759,0.13475590733535364,1,1
pitcher_against,694851,Andrew Hoffmann,109,AZ,3,2,1,0.6666666666666666,0.045200000000000004,0.015066666666666667,0.006579424902673381,0.002069857464127245,2,2
pitcher_against,592332,Kevin Gausman,141,TOR,4,2,2,0.5,0.045200000000000004,0.011300000000000001,0.0363705585009953,0.02155290283575939,1,1
catcher_against,687221,Dalton Rushing,119,LAD,4,2,2,0.5,0.045200000000000004,0.011300000000000001,0.09616732138036281,0.020724673645140912,1,2
pitcher_against,683004,Jack Leiter,140,TEX,4,2,2,0.5,0.045200000000000004,0.011300000000000001,0.06535885302448802,0.015758010433814085,2,0
pitcher_against,673540,Kodai Senga,121,NYM,4,2,2,0.5,0.045200000000000004,0.011300000000000001,0.059608646322512726,0.00932033981480107,2,1
pitcher_against,682052,Jacob Lopez,133,ATH,4,2,2,0.5,0.045200000000000004,0.011300000000000001,0.034867113212172854,0.02602679024075788,0,0
pitcher_against,669062,Erik Miller,137,SF,4,2,2,0.5,0.045200000000000004,0.011300000000000001,0.046734715685891236,0.047613982139087935,1,0
pitcher_against,665795,Edward Cabrera,112,CHC,4,2,2,0.5,0.045200000000000004,0.011300000000000001,0.04413933630188899,0.05279162574821139,2,2
catcher_against,596117,Garrett Stubbs,143,PHI,4,2,2,0.5,0.045200000000000004,0.011300000000000001,0.00801739592246048,0.032008727337659304,0,1
pitcher_against,579328,Yusei Kikuchi,108,LAA,4,2,2,0.5,0.045200000000000004,0.011300000000000001,0.04590291371209965,0.007596419402153831,1,1
pitcher_against,623437,Justin Topa,142,MIN,4,2,2,0.5,0.045200000000000004,0.011300000000000001,0.0953388825049521,0.013548141978998007,1,1
pitcher_against,690953,Mick Abel,142,MIN,4,2,2,0.5,0.045200000000000004,0.011300000000000001,0.054655687787594755,0.09154084656769224,1,1
pitcher_against,656638,Alex Lange,118,KC,4,2,2,0.5,0.045200000000000004,0.011300000000000001,0.002078839548411482,0.001910039828873891,1,1
pitcher_against,673929,Jordan Leasure,145,CWS,4,2,2,0.5,0.045200000000000004,0.011300000000000001,0.006653759207922001,0.03355733097472857,1,2
pitcher_against,663460,Kris Bubic,118,KC,4,2,2,0.5,0.045200000000000004,0.011300000000000001,0.04532215312502702,0.027762106716671342,1,1
pitcher_against,640448,Kyle Finnegan,116,DET,4,2,2,0.5,0.045200000000000004,0.011300000000000001,0.01114808751526389,0.10564910771633648,1,1
pitcher_against,663542,Bryan Hudson,145,CWS,4,2,2,0.5,0.045200000000000004,0.011300000000000001,0.01671228904525346,0.01339348694981879,0,0
pitcher_against,571578,Patrick Corbin,141,TOR,5,2,3,0.4,0.045200000000000004,0.009040000000000001,0.028286294176821075,0.02768122122727318,1,0
pitcher_against,543135,Nathan Eovaldi,140,TEX,5,2,3,0.4,0.045200000000000004,0.009040000000000001,0.03506162434010923,0.03129091768899858,2,1
pitcher_against,681190,Randy Vasquez,135,SD,5,2,3,0.4,0.045200000000000004,0.009040000000000001,0.0562683231803523,0.06505614691306627,0,1
pitcher_against,621111,Walker Buehler,135,SD,5,2,3,0.4,0.045200000000000004,0.009040000000000001,0.07989991528134743,0.026337356841073856,1,0
pitcher_against,605135,Chris Bassitt,110,BAL,5,2,3,0.4,0.045200000000000004,0.009040000000000001,0.053133915464622594,0.01967169923930112,1,1
pitcher_against,605540,Brandon Woodruff,158,MIL,5,2,3,0.4,0.045200000000000004,0.009040000000000001,0.02350102174544988,0.05720478659874745,0,0
pitcher_against,680732,Sean Burke,145,CWS,5,2,3,0.4,0.045200000000000004,0.009040000000000001,0.02311832813479925,0.020586863348356677,1,1
pitcher_against,669432,Trevor Rogers,110,BAL,5,2,3,0.4,0.045200000000000004,0.009040000000000001,0.04131413847378404,0.06789425800459986,2,1
pitcher_against,670245,Ryan Watson,111,BOS,6,2,4,0.3333333333333333,0.045200000000000004,0.007533333333333334,0.012907941395948919,0.09385882921024236,1,1
pitcher_against,686610,Ken Waldichuk,120,WSH,1,1,0,1.0,0.022600000000000002,0.022600000000000002,0.00018012716907589432,0.0,0,0
pitcher_against,670036,Matt Festa,114,CLE,1,1,0,1.0,0.022600000000000002,0.022600000000000002,0.014784559460645275,0.0,0,0
pitcher_against,689254,Mason Fluharty,141,TOR,1,1,0,1.0,0.022600000000000002,0.022600000000000002,0.0010138564491258828,0.0,1,0
pitcher_against,694361,Will Klein,119,LAD,1,1,0,1.0,0.022600000000000002,0.022600000000000002,0.00016361402403828958,0.0,1,1
pitcher_against,676508,Ben Casparius,119,LAD,1,1,0,1.0,0.022600000000000002,0.022600000000000002,0.007831640495741476,0.0,0,0
catcher_against,672386,Alejandro Kirk,141,TOR,1,1,0,1.0,0.022600000000000002,0.022600000000000002,0.005048224351339281,0.0,0,0
pitcher_against,686560,Gavin Collyer,140,TEX,1,1,0,1.0,0.022600000000000002,0.022600000000000002,0.0057240724459715064,0.0,0,1
pitcher_against,695684,Elmer Rodriguez,147,NYY,1,1,0,1.0,0.022600000000000002,0.022600000000000002,0.08757439114032672,0.0,1,1
pitcher_against,677958,Kumar Rocker,140,TEX,1,1,0,1.0,0.022600000000000002,0.022600000000000002,0.015726090708658824,0.0,0,0
pitcher_against,663556,Shane McClanahan,139,TB,1,1,0,1.0,0.022600000000000002,0.022600000000000002,0.025920252784725428,0.0,0,0
pitcher_against,641329,Bryan Baker,139,TB,1,1,0,1.0,0.022600000000000002,0.022600000000000002,0.01062092404020484,0.0,0,0
pitcher_against,642121,Cole Sulser,139,TB,1,1,0,1.0,0.022600000000000002,0.022600000000000002,0.009861745619546891,0.0,0,0
pitcher_against,700669,Gordon Graceffo,138,STL,1,1,0,1.0,0.022600000000000002,0.022600000000000002,0.006233724893986214,0.0,0,0
pitcher_against,676617,Riley O'Brien,138,STL,1,1,0,1.0,0.022600000000000002,0.022600000000000002,0.014188576188569335,0.0,0,0
pitcher_against,683769,Hunter Gaddis,114,CLE,1,1,0,1.0,0.022600000000000002,0.022600000000000002,0.006848156608016603,0.0,1,1
pitcher_against,693433,Bryan Woo,136,SEA,1,1,0,1.0,0.022600000000000002,0.022600000000000002,0.02392062627445049,0.0,1,1
pitcher_against,662253,Andres Munoz,136,SEA,1,1,0,1.0,0.022600000000000002,0.022600000000000002,0.0,0.0,0,0
pitcher_against,667463,John King,146,MIA,1,1,0,1.0,0.022600000000000002,0.022600000000000002,0.0086240182037983,0.0,0,1
pitcher_against,668873,Caleb Kilian,137,SF,1,1,0,1.0,0.022600000000000002,0.022600000000000002,0.048185676142541656,0.0,1,0
pitcher_against,596133,Luke Weaver,121,NYM,1,1,0,1.0,0.022600000000000002,0.022600000000000002,0.0040050195785654025,0.0,0,0
catcher_against,694208,Moises Ballesteros,112,CHC,1,1,0,1.0,0.022600000000000002,0.022600000000000002,0.011227766874620237,0.0,1,1
pitcher_against,660761,Jose Suarez,144,ATL,1,1,0,1.0,0.022600000000000002,0.022600000000000002,0.00028294938306222225,0.0,0,0
pitcher_against,592836,Taijuan Walker,143,PHI,1,1,0,1.0,0.022600000000000002,0.022600000000000002,0.0006411403328729914,0.0,0,0
pitcher_against,691587,Eury Perez,146,MIA,1,1,0,1.0,0.022600000000000002,0.022600000000000002,0.009963443692715512,0.0,0,0
pitcher_against,518886,Craig Kimbrel,121,NYM,1,1,0,1.0,0.022600000000000002,0.022600000000000002,-6.351730486915821e-05,0.0,0,0
pitcher_against,702193,Andrew Morris,142,MIN,1,1,0,1.0,0.022600000000000002,0.022600000000000002,0.017420958404931297,0.0,0,0
pitcher_against,671737,Taj Bradley,142,MIN,1,1,0,1.0,0.022600000000000002,0.022600000000000002,0.08938079839511232,0.0,0,1
pitcher_against,695380,Alex Hoppe,136,SEA,1,1,0,1.0,0.022600000000000002,0.022600000000000002,0.00041940757511260696,0.0,0,0
pitcher_against,663574,Tony Santillan,113,CIN,1,1,0,1.0,0.022600000000000002,0.022600000000000002,0.03836469779164753,0.0,0,0
pitcher_against,689520,Cody Laweryson,142,MIN,1,1,0,1.0,0.022600000000000002,0.022600000000000002,0.019752479859454858,0.0,0,0
pitcher_against,671212,Joe Boyle,139,TB,1,1,0,1.0,0.022600000000000002,0.022600000000000002,-0.0025959954048261347,0.0,0,0
pitcher_against,647336,Michael Soroka,109,AZ,1,1,0,1.0,0.022600000000000002,0.022600000000000002,0.021538558045864797,0.0,1,1
pitcher_against,676742,Cam Sanders,134,PIT,1,1,0,1.0,0.022600000000000002,0.022600000000000002,0.006045269920349816,0.0,1,1
pitcher_against,672782,Yoendrys Gomez,139,TB,1,1,0,1.0,0.022600000000000002,0.022600000000000002,0.014714125857540061,0.0,1,1
pitcher_against,694477,Chad Patrick,158,MIL,1,1,0,1.0,0.022600000000000002,0.022600000000000002,0.01674604109060568,0.0,1,0
pitcher_against,692230,Carlos Rodriguez,158,MIL,1,1,0,1.0,0.022600000000000002,0.022600000000000002,0.0011091041313571193,0.0,0,0
pitcher_against,664126,Pete Fairbanks,146,MIA,1,1,0,1.0,0.022600000000000002,0.022600000000000002,0.02485463966747979,0.0,1,1
pitcher_against,656848,Michael Petersen,146,MIA,1,1,0,1.0,0.022600000000000002,0.022600000000000002,0.0464003141633019,0.0,1,1
pitcher_against,641941,Emilio Pagan,113,CIN,1,1,0,1.0,0.022600000000000002,0.022600000000000002,0.015001419000451738,0.0,0,0
catcher_against,690924,Braxton Fulford,115,COL,1,1,0,1.0,0.022600000000000002,0.022600000000000002,0.014680172188315188,0.0,0,0
pitcher_against,680702,Joey Gerber,121,NYM,1,1,0,1.0,0.022600000000000002,0.022600000000000002,0.0011089469306072575,0.0,1,1
pitcher_against,595014,Blake Treinen,119,LAD,1,1,0,1.0,0.022600000000000002,0.022600000000000002,0.12153683345820326,0.0,1,1
pitcher_against,593974,Wandy Peralta,135,SD,1,1,0,1.0,0.022600000000000002,0.022600000000000002,0.0005207882827863441,0.0,1,1
pitcher_against,663158,Robert Suarez,144,ATL,1,1,0,1.0,0.022600000000000002,0.022600000000000002,0.04469666786477089,0.0,0,0
pitcher_against,674370,Osvaldo Bido,144,ATL,1,1,0,1.0,0.022600000000000002,0.022600000000000002,0.002367382433289489,0.0,1,1
pitcher_against,696147,Sam Bachman,108,LAA,1,1,0,1.0,0.022600000000000002,0.022600000000000002,0.02090869893783509,0.0,1,1
pitcher_against,686799,Jack Kochanowicz,108,LAA,1,1,0,1.0,0.022600000000000002,0.022600000000000002,0.023611881851410166,0.0,1,1
pitcher_against,641312,Shaun Anderson,108,LAA,1,1,0,1.0,0.022600000000000002,0.022600000000000002,0.0008156233615134179,0.0,0,0
pitcher_against,696131,Mason Black,118,KC,1,1,0,1.0,0.022600000000000002,0.022600000000000002,0.01882018079971215,0.0,1,1
pitcher_against,519141,Drew Pomeranz,108,LAA,1,1,0,1.0,0.022600000000000002,0.022600000000000002,0.002871170927684963,0.0,0,0
pitcher_against,669084,DL Hall,158,MIL,1,1,0,1.0,0.022600000000000002,0.022600000000000002,0.00010164924220767979,0.0,0,0
pitcher_against,687911,Bryan King,117,HOU,1,1,0,1.0,0.022600000000000002,0.022600000000000002,0.22546933742105957,0.0,0,0
pitcher_against,686613,Hunter Brown,117,HOU,1,1,0,1.0,0.022600000000000002,0.022600000000000002,0.00529832377761047,0.0,0,0
pitcher_against,664299,Cristian Javier,117,HOU,1,1,0,1.0,0.022600000000000002,0.022600000000000002,0.029945539746901284,0.0,0,1
pitcher_against,837227,Tatsuya Imai,117,HOU,1,1,0,1.0,0.022600000000000002,0.022600000000000002,0.018320805217484915,0.0,1,1
pitcher_against,678020,Seth Halvorsen,115,COL,1,1,0,1.0,0.022600000000000002,0.022600000000000002,0.07534718448203243,0.0,1,0
pitcher_against,685299,Tanner Gordon,115,COL,1,1,0,1.0,0.022600000000000002,0.022600000000000002,0.011230570449605515,0.0,1,1
pitcher_against,623474,Jimmy Herget,115,COL,1,1,0,1.0,0.022600000000000002,0.022600000000000002,0.0278173153145177,0.0,1,1
pitcher_against,800048,Parker Messick,114,CLE,1,1,0,1.0,0.022600000000000002,0.022600000000000002,0.011897989466156722,0.0,1,0
pitcher_against,665152,Dean Kremer,110,BAL,1,1,0,1.0,0.022600000000000002,0.022600000000000002,0.009596873208967183,0.0,0,0
pitcher_against,663465,Kolby Allard,114,CLE,1,1,0,1.0,0.022600000000000002,0.022600000000000002,0.007634093157879551,0.0,1,1
pitcher_against,608372,Tomoyuki Sugano,115,COL,1,1,0,1.0,0.022600000000000002,0.022600000000000002,0.013859642112612897,0.0,0,0
pitcher_against,693312,Kyle Nicolas,113,CIN,1,1,0,1.0,0.022600000000000002,0.022600000000000002,0.0009643978496093331,0.0,0,0
pitcher_against,682254,Mason Montgomery,134,PIT,1,1,0,1.0,0.022600000000000002,0.022600000000000002,0.016780633437457337,0.0,0,0
catcher_against,665861,Sebastian Rivero,108,LAA,1,1,0,1.0,0.022600000000000002,0.022600000000000002,0.0358778558096432,0.0,0,1
pitcher_against,687606,Paxton Schultz,120,WSH,1,1,0,1.0,0.022600000000000002,0.022600000000000002,0.0835212381241735,0.0,1,1
pitcher_against,656457,Tyler Gilbert,145,CWS,1,1,0,1.0,0.022600000000000002,0.022600000000000002,0.002264842362659003,0.0,0,0
pitcher_against,669684,Chris Murphy,145,CWS,1,1,0,1.0,0.022600000000000002,0.022600000000000002,0.010248054824553932,0.0,0,0
pitcher_against,571510,Matthew Boyd,112,CHC,1,1,0,1.0,0.022600000000000002,0.022600000000000002,0.01857815192562412,0.0,0,0
pitcher_against,621383,Tanner Banks,143,PHI,1,1,0,1.0,0.022600000000000002,0.022600000000000002,0.09773914963304065,0.0,1,1
pitcher_against,621237,Jose Alvarado,143,PHI,1,1,0,1.0,0.022600000000000002,0.022600000000000002,0.0009415319145759105,0.0,0,0
pitcher_against,663767,Chase Shugart,143,PHI,1,1,0,1.0,0.022600000000000002,0.022600000000000002,0.005294441226554203,0.0,1,1
pitcher_against,813349,Connelly Early,111,BOS,1,1,0,1.0,0.022600000000000002,0.022600000000000002,0.010380596159481947,0.0,0,0
pitcher_against,572143,Burch Smith,116,DET,1,1,0,1.0,0.022600000000000002,0.022600000000000002,0.004744995503995431,0.0,0,0
pitcher_against,554430,Zack Wheeler,143,PHI,1,1,0,1.0,0.022600000000000002,0.022600000000000002,0.11279135430026499,0.0,1,1
pitcher_against,670167,John Schreiber,118,KC,1,1,0,1.0,0.022600000000000002,0.022600000000000002,0.009784223902776924,0.0,1,1
pitcher_against,678022,Jack Perkins,133,ATH,1,1,0,1.0,0.022600000000000002,0.022600000000000002,0.07045913756749311,0.0,0,1
pitcher_against,686993,Justin Sterner,133,ATH,1,1,0,1.0,0.022600000000000002,0.022600000000000002,0.038037362990630014,0.0,1,0
pitcher_against,664199,Taylor Clarke,109,AZ,1,1,0,1.0,0.022600000000000002,0.022600000000000002,0.004311964204952556,0.0,0,0
pitcher_against,625643,Reynaldo Lopez,144,ATL,2,1,1,0.5,0.022600000000000002,0.011300000000000001,0.06812967064640707,0.010002713621431014,1,1
pitcher_against,669467,Andre Pallante,138,STL,2,1,1,0.5,0.022600000000000002,0.011300000000000001,0.004458042101588622,0.004137030567713529,0,0
pitcher_against,663623,Jake Irvin,120,WSH,2,1,1,0.5,0.022600000000000002,0.011300000000000001,0.005338877176896184,0.007197733884653168,0,0
pitcher_against,607455,Anthony Banda,142,MIN,2,1,1,0.5,0.022600000000000002,0.011300000000000001,0.0023765665137293595,0.005688734501294146,0,0
pitcher_against,665660,Elvis Alvarado,133,ATH,2,1,1,0.5,0.022600000000000002,0.011300000000000001,0.0041553593006971035,0.03490946772567449,0,0
pitcher_against,669387,Carmen Mlodzinski,134,PIT,2,1,1,0.5,0.022600000000000002,0.011300000000000001,0.07283998883527643,0.0013175256478205055,1,1
pitcher_against,643377,Griffin Jax,139,TB,2,1,1,0.5,0.022600000000000002,0.011300000000000001,0.012054089603871443,0.007164074268674603,0,0
pitcher_against,685801,Hunter Bigge,139,TB,2,1,1,0.5,0.022600000000000002,0.011300000000000001,0.013434609470266423,0.003322252280172716,0,0
pitcher_against,668941,JoJo Romero,138,STL,2,1,1,0.5,0.022600000000000002,0.011300000000000001,0.02335722787810618,0.035022235127977974,0,0
pitcher_against,677961,Cole Wilcox,136,SEA,2,1,1,0.5,0.022600000000000002,0.011300000000000001,0.018325452235141704,0.022292426247298325,1,1
pitcher_against,660271,Shohei Ohtani,119,LAD,2,1,1,0.5,0.022600000000000002,0.011300000000000001,0.024155679483788883,0.008244543760820067,0,0
pitcher_against,657277,Logan Webb,137,SF,2,1,1,0.5,0.022600000000000002,0.011300000000000001,0.0016310958803670284,0.09562379211279537,0,0
pitcher_against,592791,Jameson Taillon,112,CHC,2,1,1,0.5,0.022600000000000002,0.011300000000000001,0.014672751630738667,0.03874496142908934,0,0
pitcher_against,650633,Michael King,135,SD,2,1,1,0.5,0.022600000000000002,0.011300000000000001,0.0550458432416856,0.05796872195893277,1,1
pitcher_against,606996,Kyle Hart,135,SD,2,1,1,0.5,0.022600000000000002,0.011300000000000001,0.06288867999723245,0.08960637086118933,1,1
pitcher_against,670970,Adrian Morejon,135,SD,2,1,1,0.5,0.022600000000000002,0.011300000000000001,0.02786758082071339,0.03324894031537201,0,0
pitcher_against,699134,Bradgley Rodriguez,135,SD,2,1,1,0.5,0.022600000000000002,0.011300000000000001,0.016535719647069735,0.0074426465403566455,0,0
pitcher_against,676755,Isaac Mattson,134,PIT,2,1,1,0.5,0.022600000000000002,0.011300000000000001,0.007249379025101366,0.00586236017648345,0,0
pitcher_against,608650,Dietrich Enns,110,BAL,2,1,1,0.5,0.022600000000000002,0.011300000000000001,0.06382177272621958,0.015847511169361228,1,1
pitcher_against,679775,Kyle Backhus,143,PHI,2,1,1,0.5,0.022600000000000002,0.011300000000000001,0.02962381747410281,0.0009809033801785327,1,1
pitcher_against,641302,Tyler Alexander,140,TEX,2,1,1,0.5,0.022600000000000002,0.011300000000000001,0.0445155611885157,0.003556922455502577,0,1
pitcher_against,666142,Cole Ragans,118,KC,2,1,1,0.5,0.022600000000000002,0.011300000000000001,0.020495911608047646,0.06052769004757025,0,1
pitcher_against,696070,Kendry Rojas,142,MIN,2,1,1,0.5,0.022600000000000002,0.011300000000000001,0.0032588494092340436,0.017008750304807974,0,0
pitcher_against,657044,Ryan Thompson,109,AZ,2,1,1,0.5,0.022600000000000002,0.011300000000000001,0.001549204219201017,0.002190254646360329,0,0
pitcher_against,669923,George Kirby,136,SEA,2,1,1,0.5,0.022600000000000002,0.011300000000000001,0.006099614136922837,0.024210919511610918,0,0
pitcher_against,641927,Bailey Ober,142,MIN,2,1,1,0.5,0.022600000000000002,0.011300000000000001,0.009106924956695184,0.0032529176244349145,0,0
pitcher_against,664285,Framber Valdez,116,DET,2,1,1,0.5,0.022600000000000002,0.011300000000000001,0.011409912728212013,0.020980862410941437,0,0
pitcher_against,641743,Anthony Kay,145,CWS,2,1,1,0.5,0.022600000000000002,0.011300000000000001,0.01471043400142874,0.03464766148403453,1,1
pitcher_against,656550,Grant Holmes,144,ATL,2,1,1,0.5,0.022600000000000002,0.011300000000000001,0.01470752331803371,0.15313985914359884,0,0
pitcher_against,700712,Walbert Urena,108,LAA,2,1,1,0.5,0.022600000000000002,0.011300000000000001,0.012138566983450783,0.0239150323040197,0,0
pitcher_against,683232,Nick Mears,118,KC,2,1,1,0.5,0.022600000000000002,0.011300000000000001,0.0620495575505674,0.004909656441044644,1,1
pitcher_against,663738,Daniel Lynch IV,118,KC,2,1,1,0.5,0.022600000000000002,0.011300000000000001,0.010370366567948208,8.641103464599939e-06,0,0
pitcher_against,663559,Bailey Falter,118,KC,2,1,1,0.5,0.022600000000000002,0.011300000000000001,0.005795417015921789,0.0010314488320166924,1,1
pitcher_against,676979,Garrett Crochet,111,BOS,2,1,1,0.5,0.022600000000000002,0.011300000000000001,0.06759366670913203,0.0128783699810458,1,1
pitcher_against,663947,Tyler Holton,116,DET,2,1,1,0.5,0.022600000000000002,0.011300000000000001,0.037944660791535134,0.002601158998329134,0,1
pitcher_against,676440,Tanner Bibee,114,CLE,2,1,1,0.5,0.022600000000000002,0.011300000000000001,0.007022673466125617,0.007424320677937413,0,0
pitcher_against,684007,Shota Imanaga,112,CHC,2,1,1,0.5,0.022600000000000002,0.011300000000000001,0.026263217344980105,0.015681040335592367,1,1
pitcher_against,683175,Connor Phillips,113,CIN,2,1,1,0.5,0.022600000000000002,0.011300000000000001,0.056952864984011586,0.03345171532853952,1,1
pitcher_against,572955,Pierce Johnson,113,CIN,2,1,1,0.5,0.022600000000000002,0.011300000000000001,0.0009911037423082636,0.008852631235640285,0,0
pitcher_against,608371,Lucas Sims,145,CWS,2,1,1,0.5,0.022600000000000002,0.011300000000000001,0.006660054057242348,0.0045056579346234304,1,0
pitcher_against,670329,Rico Garcia,110,BAL,2,1,1,0.5,0.022600000000000002,0.011300000000000001,0.2900749581482689,0.012358523840265034,1,0
pitcher_against,691548,Rolddy Munoz,144,ATL,2,1,1,0.5,0.022600000000000002,0.011300000000000001,0.01603932207969916,-0.004601254940629906,1,1
pitcher_against,669276,Dylan Lee,144,ATL,2,1,1,0.5,0.022600000000000002,0.011300000000000001,0.0012113690400989922,0.01693360669485322,0,0
pitcher_against,592662,Robbie Ray,137,SF,3,1,2,0.3333333333333333,0.022600000000000002,0.007533333333333334,0.021854189993390616,0.03736965910856682,0,0
pitcher_against,668909,Gavin Williams,114,CLE,3,1,2,0.3333333333333333,0.022600000000000002,0.007533333333333334,0.015858746168792445,0.026105023832509205,1,1
pitcher_against,680573,Simeon Woods Richardson,142,MIN,3,1,2,0.3333333333333333,0.022600000000000002,0.007533333333333334,0.022762421323364923,0.037975159445634454,0,0
pitcher_against,680767,Victor Vodnik,115,COL,3,1,2,0.3333333333333333,0.022600000000000002,0.007533333333333334,0.0052035260203658895,0.020378673243056408,0,0
pitcher_against,687330,Kevin Kelly,139,TB,3,1,2,0.3333333333333333,0.022600000000000002,0.007533333333333334,0.18505210394526117,0.053886832999142764,1,1
pitcher_against,676282,Joey Cantillo,114,CLE,3,1,2,0.3333333333333333,0.022600000000000002,0.007533333333333334,0.032624280987392895,0.06202582193992201,1,1
catcher_against,681807,David Fry,114,CLE,3,1,2,0.3333333333333333,0.022600000000000002,0.007533333333333334,0.007022673466125617,0.07292840293828459,0,0
pitcher_against,595345,Steven Okert,117,HOU,3,1,2,0.3333333333333333,0.022600000000000002,0.007533333333333334,0.02782776601041892,0.03167473741947127,1,1
pitcher_against,518585,Fernando Cruz,147,NYY,3,1,2,0.3333333333333333,0.022600000000000002,0.007533333333333334,0.006133495876167405,0.009268556896754175,0,0
pitcher_against,623211,Huascar Brazoban,121,NYM,3,1,2,0.3333333333333333,0.022600000000000002,0.007533333333333334,0.0027992045605455228,0.1389776581486956,0,0
pitcher_against,664141,JT Brubaker,137,SF,3,1,2,0.3333333333333333,0.022600000000000002,0.007533333333333334,0.0015292902409797674,0.0014766765395973769,1,0
pitcher_against,596001,Jakob Junis,140,TEX,3,1,2,0.3333333333333333,0.022600000000000002,0.007533333333333334,0.013496480196006425,0.016956303029623677,1,1
pitcher_against,663978,Chris Paddack,146,MIA,3,1,2,0.3333333333333333,0.022600000000000002,0.007533333333333334,0.014015534479586367,0.010379957511347682,1,1
pitcher_against,650644,Aaron Civale,133,ATH,3,1,2,0.3333333333333333,0.022600000000000002,0.007533333333333334,0.014775254887829076,0.03979367837636977,1,1
pitcher_against,643410,Mark Leiter Jr.,133,ATH,3,1,2,0.3333333333333333,0.022600000000000002,0.007533333333333334,0.06397197426761447,0.06174422396910412,0,0
pitcher_against,573124,Taylor Rogers,142,MIN,3,1,2,0.3333333333333333,0.022600000000000002,0.007533333333333334,0.07971594385444,-0.00019703056831683798,0,1
pitcher_against,668933,Graham Ashcraft,113,CIN,3,1,2,0.3333333333333333,0.022600000000000002,0.007533333333333334,0.03405568698115724,0.013888853499028846,0,0
pitcher_against,676684,Will Vest,116,DET,3,1,2,0.3333333333333333,0.022600000000000002,0.007533333333333334,0.012809932789248246,0.0976131842644749,0,1
pitcher_against,669373,Tarik Skubal,116,DET,3,1,2,0.3333333333333333,0.022600000000000002,0.007533333333333334,-0.005707243389199035,0.03985644564449645,0,0
pitcher_against,664854,Ryan Helsley,110,BAL,3,1,2,0.3333333333333333,0.022600000000000002,0.007533333333333334,0.04155670712604681,0.06060564523085095,0,1
pitcher_against,641755,Tyler Kinley,144,ATL,3,1,2,0.3333333333333333,0.022600000000000002,0.007533333333333334,0.04125352421185381,0.038580628099731465,1,1
pitcher_against,656492,Foster Griffin,120,WSH,4,1,3,0.25,0.022600000000000002,0.0056500000000000005,0.05520054348237591,0.039955506197608126,1,1
pitcher_against,527048,Martin Perez,144,ATL,4,1,3,0.25,0.022600000000000002,0.0056500000000000005,0.024858010318651425,0.048512620779437965,1,1
pitcher_against,700241,Michael McGreevy,138,STL,4,1,3,0.25,0.022600000000000002,0.0056500000000000005,0.011897989466156722,0.07057085313500355,1,0
pitcher_against,592773,Ryne Stanek,138,STL,4,1,3,0.25,0.022600000000000002,0.0056500000000000005,0.05544950455225675,0.0573742497724302,0,1
pitcher_against,681870,Erik Sabrowski,114,CLE,4,1,3,0.25,0.022600000000000002,0.0056500000000000005,0.008150767241819776,0.1874130231578902,0,0
pitcher_against,641816,Tyler Mahle,137,SF,4,1,3,0.25,0.022600000000000002,0.0056500000000000005,0.03396551483334065,0.05954427459476158,1,1
pitcher_against,702070,Noah Cameron,118,KC,4,1,3,0.25,0.022600000000000002,0.0056500000000000005,0.04358419860891494,0.056643922415724635,1,1
pitcher_against,650556,Bryan Abreu,117,HOU,4,1,3,0.25,0.022600000000000002,0.0056500000000000005,9.42039144837814e-05,0.06458440819602582,1,0
pitcher_against,573204,Caleb Thielbar,112,CHC,4,1,3,0.25,0.022600000000000002,0.0056500000000000005,0.014517075584107553,0.09292563744182758,1,1
pitcher_against,693645,Cam Schlittler,147,NYY,6,1,5,0.16666666666666666,0.022600000000000002,0.003766666666666667,0.016784660636836146,0.07295346224591089,1,1
pitcher_against,701542,Will Warren,147,NYY,6,1,5,0.16666666666666666,0.022600000000000002,0.003766666666666667,0.030302581998087608,0.0839167589285357,1,0
pitcher_against,622491,Luis Castillo,136,SEA,7,1,6,0.14285714285714285,0.022600000000000002,0.0032285714285714287,0.0018615407232864811,0.10783497771316292,0,0
pitcher_against,624133,Ranger Suarez,111,BOS,8,1,7,0.125,0.022600000000000002,0.0028250000000000003,0.004782507466043973,0.13338053180261586,0,0
catcher_against,691740,Daniel Susac,137,SF,4,0,4,0.0,0.0,0.0,0.0,0.018168603139788894,0,0
pitcher_against,657424,Matt Gage,137,SF,1,0,1,0.0,0.0,0.0,0.0,0.009577028244865435,0,0
pitcher_against,641793,Zack Littell,120,WSH,2,0,2,0.0,0.0,0.0,0.0,0.0016004062396234309,0,0
pitcher_against,686218,Emmet Sheehan,119,LAD,2,0,2,0.0,0.0,0.0,0.0,0.011852697751079954,0,0
pitcher_against,677944,Slade Cecconi,114,CLE,3,0,3,0.0,0.0,0.0,0.0,0.03818111985151895,0,0
pitcher_against,641778,Eric Lauer,141,TOR,2,0,2,0.0,0.0,0.0,0.0,0.019304431320356363,0,0
pitcher_against,808967,Yoshinobu Yamamoto,119,LAD,2,0,2,0.0,0.0,0.0,0.0,0.04420842045942172,0,0
pitcher_against,657514,Brennan Bernardino,115,COL,1,0,1,0.0,0.0,0.0,0.0,0.04047645009048606,0,0
pitcher_against,615698,Cal Quantrill,140,TEX,1,0,1,0.0,0.0,0.0,0.0,0.0002722813670698043,0,0
pitcher_against,669022,MacKenzie Gore,140,TEX,1,0,1,0.0,0.0,0.0,0.0,0.0052609012939777156,0,0
pitcher_against,663687,Hogan Harris,133,ATH,1,0,1,0.0,0.0,0.0,0.0,0.03837305820574549,0,0
pitcher_against,682608,Peyton Gray,140,TEX,1,0,1,0.0,0.0,0.0,0.0,0.0003662374972122353,0,0
pitcher_against,677952,Braxton Ashcraft,134,PIT,1,0,1,0.0,0.0,0.0,0.0,0.0624910968843892,0,0
pitcher_against,695505,Chase Burns,113,CIN,1,0,1,0.0,0.0,0.0,0.0,0.021089905457793878,0,0
pitcher_against,669438,Mason Englert,139,TB,2,0,2,0.0,0.0,0.0,0.0,0.022020093852029965,0,0
pitcher_against,665871,Javier Assad,112,CHC,1,0,1,0.0,0.0,0.0,0.0,0.009995986140337323,0,0
pitcher_against,669947,Jesse Scholtens,139,TB,1,0,1,0.0,0.0,0.0,0.0,0.003781307020880753,0,0
pitcher_against,678394,Brayan Bello,111,BOS,1,0,1,0.0,0.0,0.0,0.0,0.0035833796269462703,0,0
pitcher_against,694918,Blade Tidwell,137,SF,1,0,1,0.0,0.0,0.0,0.0,0.000814615147187725,0,0
pitcher_against,650911,Cristopher Sanchez,143,PHI,5,0,5,0.0,0.0,0.0,0.0,0.08438607834859474,0,0
pitcher_against,694738,Landen Roupp,137,SF,3,0,3,0.0,0.0,0.0,0.0,0.08254016600297959,0,0
pitcher_against,621366,Ryan Borucki,137,SF,2,0,2,0.0,0.0,0.0,0.0,0.03041266455932573,0,0
pitcher_against,670280,David Bednar,147,NYY,2,0,2,0.0,0.0,0.0,0.0,0.16124748541188444,0,0
pitcher_against,678368,Valente Bellozo,115,COL,2,0,2,0.0,0.0,0.0,0.0,0.010611334424582064,0,0
pitcher_against,675848,Juan Mejia,115,COL,2,0,2,0.0,0.0,0.0,0.0,0.03843183776164982,0,0
pitcher_against,690928,Hunter Dobbins,138,STL,1,0,1,0.0,0.0,0.0,0.0,0.001976014491345296,0,0
pitcher_against,696062,Wilber Dotel,134,PIT,1,0,1,0.0,0.0,0.0,0.0,0.007005912576482143,0,0
pitcher_against,571945,Miles Mikolas,120,WSH,3,0,3,0.0,0.0,0.0,0.0,0.10127628210096101,0,0
pitcher_against,680730,Mitchell Parker,120,WSH,1,0,1,0.0,0.0,0.0,0.0,0.027516160672154177,0,0
pitcher_against,608566,German Marquez,135,SD,1,0,1,0.0,0.0,0.0,0.0,0.008515857558314133,0,0
pitcher_against,601713,Nick Pivetta,135,SD,1,0,1,0.0,0.0,0.0,0.0,0.010386344959734561,0,0
catcher_against,606992,Eric Haase,137,SF,1,0,1,0.0,0.0,0.0,0.0,0.01540666725935902,0,0
pitcher_against,694297,Brandon Pfaadt,109,AZ,3,0,3,0.0,0.0,0.0,0.0,0.029830181074292916,0,0
pitcher_against,691945,Carter Baumler,140,TEX,2,0,2,0.0,0.0,0.0,0.0,0.001423113988678698,0,0
pitcher_against,683409,Angel Chivilli,147,NYY,1,0,1,0.0,0.0,0.0,0.0,0.009960938007685938,0,0
pitcher_against,642232,Ryan Yarbrough,147,NYY,2,0,2,0.0,0.0,0.0,0.0,0.0059328634913541345,0,0
pitcher_against,661563,Luis Gil,147,NYY,1,0,1,0.0,0.0,0.0,0.0,0.026041001312613943,0,0
pitcher_against,660787,Yerry De los Santos,147,NYY,1,0,1,0.0,0.0,0.0,0.0,0.000385277668399131,0,0
pitcher_against,622663,Luis Severino,133,ATH,2,0,2,0.0,0.0,0.0,0.0,0.06293269359286013,0,0
pitcher_against,681402,Gus Varland,120,WSH,1,0,1,0.0,0.0,0.0,0.0,0.03622301940288164,0,0
pitcher_against,500779,Jose Quintana,115,COL,3,0,3,0.0,0.0,0.0,0.0,0.0838196135754401,0,0
pitcher_against,642547,Freddy Peralta,121,NYM,2,0,2,0.0,0.0,0.0,0.0,0.04643657160886788,0,0
pitcher_against,547179,Michael Lorenzen,115,COL,1,0,1,0.0,0.0,0.0,0.0,0.019440342152094225,0,0
pitcher_against,605130,Scott Barlow,133,ATH,1,0,1,0.0,0.0,0.0,0.0,0.007891785678898061,0,0
pitcher_against,668678,Zac Gallen,109,AZ,2,0,2,0.0,0.0,0.0,0.0,0.04559056965347991,0,0
pitcher_against,656464,Kevin Ginkel,109,AZ,1,0,1,0.0,0.0,0.0,0.0,0.0068311273351913115,0,0
pitcher_against,543243,Sonny Gray,111,BOS,2,0,2,0.0,0.0,0.0,0.0,0.04088012249379236,0,0
pitcher_against,646241,Enmanuel De Jesus,116,DET,1,0,1,0.0,0.0,0.0,0.0,0.005929039548009385,0,0
pitcher_against,518876,Merrill Kelly,109,AZ,1,0,1,0.0,0.0,0.0,0.0,0.013768739998523238,0,0
pitcher_against,656730,Trevor Megill,158,MIL,3,0,3,0.0,0.0,0.0,0.0,0.05381704739948888,0,0
pitcher_against,672582,Angel Zerpa,158,MIL,1,0,1,0.0,0.0,0.0,0.0,0.020317334066199844,0,0
pitcher_against,667297,Tommy Nance,141,TOR,1,0,1,0.0,0.0,0.0,0.0,0.007365491144064262,0,0
pitcher_against,669371,Cole Henry,120,WSH,1,0,1,0.0,0.0,0.0,0.0,0.029851046882395565,0,0
pitcher_against,657649,Jared Koenig,158,MIL,1,0,1,0.0,0.0,0.0,0.0,0.004637482856552133,0,0
pitcher_against,676083,Janson Junk,146,MIA,2,0,2,0.0,0.0,0.0,0.0,0.033564419401545975,0,0
pitcher_against,669199,Lake Bachar,146,MIA,1,0,1,0.0,0.0,0.0,0.0,0.005434528706737052,0,0
pitcher_against,681168,Luis Curvelo,140,TEX,1,0,1,0.0,0.0,0.0,0.0,0.01425846135427189,0,0
pitcher_against,621242,Edwin Diaz,119,LAD,1,0,1,0.0,0.0,0.0,0.0,0.012936125234374225,0,0
pitcher_against,808963,Roki Sasaki,119,LAD,1,0,1,0.0,0.0,0.0,0.0,0.009799128529171641,0,0
pitcher_against,686973,Louis Varland,141,TOR,1,0,1,0.0,0.0,0.0,0.0,0.009541088925831914,0,0
pitcher_against,592094,Jason Adam,135,SD,1,0,1,0.0,0.0,0.0,0.0,0.06200656124522183,0,0
pitcher_against,691946,George Klassen,108,LAA,1,0,1,0.0,0.0,0.0,0.0,0.02746888777396922,0,0
pitcher_against,674444,Steven Cruz,118,KC,2,0,2,0.0,0.0,0.0,0.0,0.003288542357810509,0,0
pitcher_against,621112,Paul Blackburn,147,NYY,1,0,1,0.0,0.0,0.0,0.0,0.005534918325581284,0,0
pitcher_against,621121,Lance McCullers Jr.,117,HOU,3,0,3,0.0,0.0,0.0,0.0,0.08473082549667524,0,0
pitcher_against,805123,AJ Blubaugh,117,HOU,1,0,1,0.0,0.0,0.0,0.0,0.0776617262150674,0,0
pitcher_against,660853,Enyel De Los Santos,117,HOU,1,0,1,0.0,0.0,0.0,0.0,0.014188576188569335,0,0
pitcher_against,694335,Matt Svanson,138,STL,1,0,1,0.0,0.0,0.0,0.0,0.019214118985337758,0,0
catcher_against,650968,Yohel Pozo,138,STL,1,0,1,0.0,0.0,0.0,0.0,0.00021088398089974536,0,0
pitcher_against,688297,Chris Roycroft,138,STL,1,0,1,0.0,0.0,0.0,0.0,0.00021088398089974536,0,0
pitcher_against,656427,Jack Flaherty,116,DET,2,0,2,0.0,0.0,0.0,0.0,0.028268739921419914,0,0
pitcher_against,663372,Ryan Feltner,115,COL,2,0,2,0.0,0.0,0.0,0.0,-0.004241647001476667,0,0
pitcher_against,688642,Zach Agnos,115,COL,1,0,1,0.0,0.0,0.0,0.0,0.00015391660231324706,0,0
pitcher_against,663567,Peter Lambert,117,HOU,2,0,2,0.0,0.0,0.0,0.0,0.05347485701527138,0,0
pitcher_against,641401,Connor Brogdon,114,CLE,1,0,1,0.0,0.0,0.0,0.0,0.009801095443824348,0,0
pitcher_against,642397,Gregory Soto,134,PIT,1,0,1,0.0,0.0,0.0,0.0,3.1521876182070287e-06,0,0
pitcher_against,671096,Andrew Abbott,113,CIN,1,0,1,0.0,0.0,0.0,0.0,0.008390312807962097,0,0
pitcher_against,543056,Danny Coulombe,111,BOS,1,0,1,0.0,0.0,0.0,0.0,0.005648616927528827,0,0
pitcher_against,686580,Justin Slaten,111,BOS,1,0,1,0.0,0.0,0.0,0.0,0.022210245475239365,0,0
pitcher_against,683000,Riley Cornelio,120,WSH,1,0,1,0.0,0.0,0.0,0.0,0.06850412541206974,0,0
pitcher_against,669330,Tyler Wells,110,BAL,2,0,2,0.0,0.0,0.0,0.0,0.058729558308017654,0,0
pitcher_against,701552,Andre Granillo,120,WSH,1,0,1,0.0,0.0,0.0,0.0,0.006372637704290307,0,0
pitcher_against,676962,Ben Brown,112,CHC,1,0,1,0.0,0.0,0.0,0.0,0.003002379902085295,0,0
pitcher_against,700842,Eduardo Rivera,111,BOS,1,0,1,0.0,0.0,0.0,0.0,0.003393793007729684,0,0
pitcher_against,663558,Jovani Moran,111,BOS,1,0,1,0.0,0.0,0.0,0.0,0.002143155706341826,0,0
pitcher_against,547973,Aroldis Chapman,111,BOS,1,0,1,0.0,0.0,0.0,0.0,0.003012282052610706,0,0
pitcher_against,544150,Albert Suarez,110,BAL,1,0,1,0.0,0.0,0.0,0.0,0.022112256330689917,0,0
pitcher_against,687064,Brandon Young,110,BAL,1,0,1,0.0,0.0,0.0,0.0,0.004220946907231543,0,0
pitcher_against,675919,Nick Raquet,110,BAL,1,0,1,0.0,0.0,0.0,0.0,0.004284317608546417,0,0
pitcher_against,605288,Adrian Houser,137,SF,1,0,1,0.0,0.0,0.0,0.0,0.0071148983553260825,0,0
pitcher_against,519242,Chris Sale,144,ATL,3,0,3,0.0,0.0,0.0,0.0,0.011145275542787818,0,0
pitcher_against,693821,Bryce Elder,144,ATL,3,0,3,0.0,0.0,0.0,0.0,0.029906742951071957,0,0
pitcher_against,665622,Luis Medina,133,ATH,2,0,2,0.0,0.0,0.0,0.0,0.02055270775556145,0,0
pitcher_against,663436,Davis Martin,145,CWS,2,0,2,0.0,0.0,0.0,0.0,0.01590023561766929,0,0
pitcher_against,663855,Jordan Hicks,145,CWS,1,0,1,0.0,0.0,0.0,0.0,0.0013625692645351517,0,0
pitcher_against,669194,Ryne Nelson,109,AZ,1,0,1,0.0,0.0,0.0,0.0,0.05860671217098368,0,0
