challenge_team_id,challenge_team_abbr,challenge_side,attempts,overturns,confirms,overturn_rate,direct_wpa,option_wpa_proxy,total_xwpa,risk_adjusted_xwpa,xwpa_per_challenge,risk_adjusted_per_challenge,wpa_if_overturned,savant_challenge_runs,strikeout_flips,walk_flips,exhausting_fails
145,CWS,fielding,51,22,29,0.43137254901960786,0.7779265899847493,-0.6554000000000001,0.7779265899847493,0.12252658998474922,0.015253462548720575,0.00240248215656371,1.3793672779759918,-0.19889707978260257,5,4,10
115,COL,fielding,48,32,16,0.6666666666666666,0.7659564479476187,-0.36160000000000003,0.7659564479476187,0.4043564479476187,0.015957425998908724,0.00842409266557539,1.0580278366017797,3.572087624281588,13,6,3
133,ATH,fielding,41,22,19,0.5365853658536586,0.6395999646489793,-0.42940000000000006,0.6395999646489793,0.21019996464897925,0.015599999137779982,0.005126828406072665,0.9700081256014281,0.8074443568279919,7,5,8
146,MIA,fielding,59,36,23,0.6101694915254238,0.5547476427187911,-0.5198,0.5547476427187911,0.034947642718790986,0.009402502418962561,0.0005923329274371353,1.034561946301137,0.16621118067206636,4,2,6
138,STL,fielding,35,23,12,0.6571428571428571,0.5533734996072446,-0.2712,0.5533734996072446,0.2821734996072446,0.015810671417349844,0.008062099988778416,0.8441624977969311,2.7208919439454777,7,6,3
142,MIN,fielding,42,27,15,0.6428571428571429,0.5389455560991767,-0.339,0.5389455560991767,0.19994555609917672,0.012832037049980398,0.004760608478551827,0.8139326158753057,2.045821264111234,13,1,4
108,LAA,fielding,38,26,12,0.6842105263157895,0.5173645611026201,-0.2712,0.5173645611026201,0.24616456110262008,0.013614856871121581,0.006478014765858423,0.8352030530984985,2.621527202757611,3,3,2
136,SEA,fielding,37,25,12,0.6756756756756757,0.47531932259356785,-0.2712,0.47531932259356785,0.20411932259356783,0.012846468178204536,0.005516738448474806,0.8109840506904162,2.638158359403748,7,1,5
143,PHI,fielding,28,16,12,0.5714285714285714,0.46289622778519834,-0.2712,0.46289622778519834,0.19169622778519835,0.016532008135185655,0.00684629384947137,0.7075688940015739,2.2579618417873317,4,6,1
112,CHC,fielding,34,24,10,0.7058823529411765,0.4597714554494515,-0.22600000000000003,0.4597714554494515,0.23377145544945152,0.013522689866160339,0.006875631042630927,0.615491485022518,3.3401520136549423,6,2,2
119,LAD,fielding,38,24,14,0.631578947368421,0.4231237740795508,-0.3164,0.4231237740795508,0.10672377407955082,0.01113483615998818,0.002808520370514495,0.8612729448620688,0.5373832554860243,6,2,2
118,KC,fielding,38,22,16,0.5789473684210527,0.420642572191661,-0.36160000000000003,0.420642572191661,0.059042572191660994,0.011069541373464763,0.0015537518997805525,0.9184893826842553,0.7954805371661348,3,3,3
110,BAL,batting,37,18,19,0.4864864864864865,0.39780141803401586,-0.42940000000000006,0.39780141803401586,-0.03159858196598419,0.010751389676595023,-0.0008540157288103835,0.7989287043878612,0.23771718652549695,6,4,7
108,LAA,batting,39,16,23,0.41025641025641024,0.3972160161224114,-0.5198,0.3972160161224114,-0.12258398387758863,0.010185026054420806,-0.003143179073784324,0.8120251958804235,-1.2066302477629225,7,5,8
139,TB,fielding,41,24,17,0.5853658536585366,0.3954068501158494,-0.38420000000000004,0.3954068501158494,0.011206850115849369,0.009644069515020717,0.00027333780770364313,0.5934655340096296,-0.5417248539846196,3,1,6
135,SD,fielding,41,27,14,0.6585365853658537,0.39506812455287454,-0.3164,0.39506812455287454,0.07866812455287453,0.009635807915923769,0.0019187347451920618,0.7523657087683174,1.164606559597563,7,2,3
144,ATL,batting,36,14,22,0.3888888888888889,0.37575386479997885,-0.49720000000000003,0.37575386479997885,-0.1214461352000212,0.010437607355554969,-0.0033735037555561445,0.8095739801338678,-1.8683959681937568,6,3,8
158,MIL,fielding,43,26,17,0.6046511627906976,0.375718105782416,-0.38420000000000004,0.375718105782416,-0.008481894217584026,0.00873763036703293,-0.00019725335389730292,0.9803189730603775,-0.3331403856211148,3,1,7
114,CLE,fielding,29,15,14,0.5172413793103449,0.36500014871565717,-0.3164,0.36500014871565717,0.04860014871565714,0.012586212024677834,0.0016758671970916255,0.6792474678460261,0.07546453858022495,7,2,4
136,SEA,batting,33,16,17,0.48484848484848486,0.3596116662664739,-0.38420000000000004,0.3596116662664739,-0.024588333733526112,0.01089732322019618,-0.000745101022228064,0.7688799230290596,-0.8776271741885291,6,4,3
145,CWS,batting,29,14,15,0.4827586206896552,0.3545058964903253,-0.339,0.3545058964903253,0.0155058964903253,0.01222434125828708,0.0005346860858732862,0.9037499688467366,-1.1564362214808148,2,1,6
116,DET,batting,37,17,20,0.4594594594594595,0.3522094226914383,-0.45200000000000007,0.3522094226914383,-0.09979057730856175,0.009519173586255088,-0.0026970426299611286,0.917284013960354,-1.3868876535804766,7,4,6
147,NYY,batting,43,18,25,0.4186046511627907,0.3359577300281742,-0.5650000000000001,0.3359577300281742,-0.22904226997182586,0.007812970465771493,-0.005326564417949439,0.7807306985491895,-3.0886192732408952,4,1,10
115,COL,batting,37,14,23,0.3783783783783784,0.33048979453788396,-0.5198,0.33048979453788396,-0.18931020546211608,0.008932156609131998,-0.005116492039516651,1.0011610883804576,-2.1488637439406686,5,1,8
110,BAL,fielding,24,13,11,0.5416666666666666,0.3300014008855781,-0.24860000000000002,0.3300014008855781,0.08140140088557811,0.013750058370232422,0.003391725036899088,0.5890342671092181,0.4441454442499184,5,3,2
121,NYM,fielding,28,19,9,0.6785714285714286,0.32512827732228006,-0.20340000000000003,0.32512827732228006,0.12172827732228006,0.01161172419008143,0.0043474384757957165,0.48138939322645036,1.3661554102998508,5,2,1
141,TOR,batting,35,17,18,0.4857142857142857,0.3208975149258196,-0.40680000000000005,0.3208975149258196,-0.08590248507418047,0.009168500426451988,-0.002454356716405156,0.5274415633762825,-1.787241101259647,4,1,7
141,TOR,fielding,32,19,13,0.59375,0.3155561211468549,-0.2938,0.3155561211468549,0.021756121146854872,0.009861128785839215,0.0006798787858392147,0.6140589406990261,0.38096997831699153,7,2,4
135,SD,batting,21,11,10,0.5238095238095238,0.2681309000063687,-0.22600000000000003,0.2681309000063687,0.04213090000636869,0.012768138095541367,0.002006233333636604,0.40469822224768576,0.2242816609041955,4,0,2
114,CLE,batting,31,11,20,0.3548387096774194,0.26295254452290745,-0.45200000000000007,0.26295254452290745,-0.1890474554770926,0.00848234014590024,-0.006098305015390083,0.6436459519186476,-2.3093365915811805,4,2,4
144,ATL,fielding,37,21,16,0.5675675675675675,0.26017139744941087,-0.36160000000000003,0.26017139744941087,-0.10142860255058919,0.007031659390524618,-0.0027413135824483565,0.6430773796314082,0.20714077239187212,8,5,5
140,TEX,batting,24,13,11,0.5416666666666666,0.25766450572103844,-0.24860000000000002,0.25766450572103844,0.009064505721038422,0.010736021071709935,0.00037768773837660094,0.6638915336850404,-0.11228602569683938,7,1,1
118,KC,batting,25,16,9,0.64,0.2573314774321179,-0.20340000000000003,0.2573314774321179,0.05393147743211792,0.010293259097284718,0.002157259097284717,0.41041503475769725,0.3106212488613218,3,1,4
113,CIN,fielding,21,15,6,0.7142857142857143,0.25693993791607245,-0.1356,0.25693993791607245,0.12133993791607244,0.012235235138860592,0.005778092281717735,0.4138190056674453,1.0771713258883444,5,1,0
143,PHI,batting,28,14,14,0.5,0.25618780277298325,-0.3164,0.25618780277298325,-0.06021219722701678,0.009149564384749401,-0.002150435615250599,0.5407212126644462,-0.2038621219612061,3,3,3
134,PIT,batting,33,15,18,0.45454545454545453,0.2548252788892141,-0.40680000000000005,0.2548252788892141,-0.15197472111078594,0.007721978148158002,-0.004605294579114725,0.7320205159269593,-0.9181415471382796,4,1,4
142,MIN,batting,48,21,27,0.4375,0.2521597123200023,-0.6102000000000001,0.2521597123200023,-0.35804028767999774,0.0052533273400000476,-0.007459172659999953,0.9903260006399559,-2.2575747106258235,5,5,11
109,AZ,fielding,31,22,9,0.7096774193548387,0.24884589883280533,-0.20340000000000003,0.24884589883280533,0.045445898832805316,0.008027287059122753,0.001465996736542107,0.3983194251115783,1.4425746878528163,3,2,1
137,SF,fielding,32,14,18,0.4375,0.23689041435148842,-0.40680000000000005,0.23689041435148842,-0.1699095856485116,0.007402825448484013,-0.005309674551515988,0.7462551283935679,-1.4333229572798183,4,1,8
133,ATH,batting,31,19,12,0.6129032258064516,0.23457151388416547,-0.2712,0.23457151388416547,-0.036628486115834566,0.007566823028521467,-0.0011815640682527279,0.5668852368923625,0.5326170017368965,5,2,2
138,STL,batting,24,12,12,0.5,0.23231653954751397,-0.2712,0.23231653954751397,-0.038883460452486064,0.009679855814479749,-0.0016201441855202526,0.5740151821925725,-0.35946646933375265,3,2,2
119,LAD,batting,21,9,12,0.42857142857142855,0.2274858390462345,-0.2712,0.2274858390462345,-0.04371416095376551,0.010832659002201643,-0.002081626712084072,0.5742653487257157,-0.24213959041020242,4,2,4
109,AZ,batting,19,10,9,0.5263157894736842,0.2238362824878817,-0.20340000000000003,0.2238362824878817,0.020436282487881673,0.011780856973046405,0.001075593815151667,0.5427882042513967,-0.3572728632404498,2,0,5
134,PIT,fielding,30,16,14,0.5333333333333333,0.22373764533472554,-0.3164,0.22373764533472554,-0.09266235466527449,0.0074579215111575175,-0.0030887451555091498,0.7461824741888436,-0.8955952235626847,5,3,6
113,CIN,batting,29,15,14,0.5172413793103449,0.222749785167624,-0.3164,0.222749785167624,-0.09365021483237602,0.007681027074745655,-0.0032293177528405527,0.6524838488725113,0.20677427488371208,5,3,5
121,NYM,batting,29,15,14,0.5172413793103449,0.2183264495679743,-0.3164,0.2183264495679743,-0.0980735504320257,0.007528498260964632,-0.003381846566621576,0.5159906591420393,-1.5030387745668796,1,1,4
117,HOU,fielding,38,19,19,0.5,0.2146670578768868,-0.42940000000000006,0.2146670578768868,-0.21473294212311325,0.0056491331020233375,-0.005650866897976664,0.6834897827419962,-1.515767373722724,4,0,2
111,BOS,batting,20,10,10,0.5,0.1969465817668346,-0.22600000000000003,0.1969465817668346,-0.029053418233165415,0.00984732908834173,-0.0014526709116582707,0.4277793320529916,0.4420506825987463,3,2,2
140,TEX,fielding,22,12,10,0.5454545454545454,0.1966715941706323,-0.22600000000000003,0.1966715941706323,-0.029328405829367715,0.008939617916846922,-0.0013331093558803507,0.4243586298931257,-0.27383782312559357,5,1,2
120,WSH,fielding,31,14,17,0.45161290322580644,0.18935263198399624,-0.38420000000000004,0.18935263198399624,-0.19484736801600377,0.006108149418838588,-0.0062853989682581865,0.5807310956693167,-2.023726522893701,3,0,5
146,MIA,batting,22,7,15,0.3181818181818182,0.18558537961540955,-0.339,0.18558537961540955,-0.15341462038459047,0.008435699073427706,-0.006973391835663203,0.6418577372763548,-2.038236251508974,2,1,7
117,HOU,batting,30,16,14,0.5333333333333333,0.18500821337425322,-0.3164,0.18500821337425322,-0.1313917866257468,0.006166940445808441,-0.004379726220858226,0.557507852145838,-0.9772830880869761,3,1,7
137,SF,batting,28,12,16,0.42857142857142855,0.18407280956653435,-0.36160000000000003,0.18407280956653435,-0.17752719043346568,0.006574028913090513,-0.006340256801195203,0.4478270287291464,-1.9648863052381782,3,1,4
116,DET,fielding,21,18,3,0.8571428571428571,0.1752513232171613,-0.0678,0.1752513232171613,0.1074513232171613,0.008345301105579109,0.005116729677007681,0.2333471452416685,1.6025427181660354,4,1,0
147,NYY,fielding,32,20,12,0.625,0.16534049535613202,-0.2712,0.16534049535613202,-0.10585950464386801,0.0051668904798791255,-0.0033081095201208752,0.32750554503355095,0.021633077687362043,3,1,3
111,BOS,fielding,16,8,8,0.5,0.1430471468706699,-0.18080000000000002,0.1430471468706699,-0.037752853129330105,0.00894044667941687,-0.0023595533205831316,0.2914156909703744,0.1126622112308554,5,1,1
120,WSH,batting,23,7,16,0.30434782608695654,0.136644381837918,-0.36160000000000003,0.136644381837918,-0.22495561816208204,0.005941060079909478,-0.009780679050525307,0.28877029566163326,-2.339210584628088,2,0,6
139,TB,batting,26,12,14,0.46153846153846156,0.1311550672493729,-0.3164,0.1311550672493729,-0.18524493275062712,0.0050444256634374195,-0.00712480510579335,0.7379625121319652,-1.314309880202461,1,0,4
158,MIL,batting,25,8,17,0.32,0.1113734126783834,-0.38420000000000004,0.1113734126783834,-0.27282658732161663,0.004454936507135336,-0.010913063492864665,0.46874903097364046,-2.9933357719081464,1,1,4
112,CHC,batting,27,12,15,0.4444444444444444,0.08177351329644614,-0.339,0.08177351329644614,-0.2572264867035539,0.003028648640609116,-0.009526906914946441,0.6731345217439072,-1.169822733998125,3,2,3
