challenge_team_id,challenge_team_abbr,challenge_team_name,missed_opportunities,missed_xwpa,missed_xwpa_per_opportunity,missed_wpa_if_overturned,avg_missed_overturn_probability,avg_zone_distance_inches,missed_batting_xwpa,missed_fielding_xwpa
114,CLE,Cleveland Guardians,280,2.7144429716353424,0.009694439184411938,6.227356669676369,0.6842125159442316,1.5258270195723442,1.2275162649365075,1.486926706698835
120,WSH,Washington Nationals,306,2.7066204424062885,0.008845164844464995,6.664405188669853,0.6742441185920334,1.4588471561126286,1.4431244000324803,1.2634960423738082
136,SEA,Seattle Mariners,266,2.665588241874631,0.010021008428100118,6.56055283003514,0.6379388211617905,1.3189979461816677,1.3165612979383208,1.3490269439363105
121,NYM,New York Mets,271,2.6568766087213067,0.009803972725908881,6.091815009470386,0.6686685673628204,1.450216267917025,1.2426598020915827,1.4142168066297238
113,CIN,Cincinnati Reds,293,2.627446560252169,0.00896739440359102,6.045804111996081,0.6741428739571014,1.459209355702725,1.2398991624203133,1.3875473978318558
119,LAD,Los Angeles Dodgers,282,2.5981092870201694,0.009213153500071522,6.049090245295726,0.6687083228834473,1.4426210761273552,1.2414964657313867,1.3566128212887825
110,BAL,Baltimore Orioles,316,2.5632633213052416,0.008111592788940638,6.522665737330873,0.669026881073886,1.4467096678082867,1.1686232129184972,1.3946401083867446
158,MIL,Milwaukee Brewers,297,2.534000763016614,0.008531989101066041,6.2155631512925025,0.6594732740040296,1.389739613059706,1.3670332118671864,1.1669675511494275
134,PIT,Pittsburgh Pirates,270,2.496456809723117,0.00924613633230784,5.926891498472756,0.6772913154048451,1.5325123949197423,1.0831191331111345,1.413337676611982
144,ATL,Atlanta Braves,233,2.3942174021693496,0.010275611168108796,5.345529865075599,0.6817864305242908,1.5004468306549708,0.9797361464650102,1.4144812557043394
108,LAA,Los Angeles Angels,283,2.383489907850625,0.008422225822793727,6.221611626848976,0.6598165678739092,1.3947634977366736,0.8871128425366905,1.4963770653139346
135,SD,San Diego Padres,263,2.3475647843909093,0.00892610184179053,5.778820870247293,0.6509125286626118,1.3650065286833843,0.9851427079291281,1.3624220764617814
137,SF,San Francisco Giants,266,2.2758000877117506,0.008555639427487783,5.631692478694435,0.6604170320805505,1.422295215157306,1.1406001857413648,1.1351999019703858
111,BOS,Boston Red Sox,270,2.266913359907818,0.008395975407065992,5.481056797784528,0.6757529407921175,1.4552122387681579,0.9920805758396694,1.2748327840681488
141,TOR,Toronto Blue Jays,236,2.1836969155994077,0.00925295303220088,5.19612694401114,0.6696546403213793,1.478333693043627,0.9645541080257747,1.2191428075736332
133,ATH,Athletics,259,2.178026695963448,0.008409369482484354,5.468597427211317,0.6676680353279197,1.4516478945665456,0.8123931072551319,1.365633588708316
138,STL,St. Louis Cardinals,259,2.1639565400525336,0.008355044556187389,5.228242776550626,0.6661360679430722,1.4178430184433164,1.116251149005612,1.0477053910469218
143,PHI,Philadelphia Phillies,213,2.126578999505848,0.009983938964816188,4.65830676218681,0.6781514432722482,1.4633614796003993,1.0319417845620904,1.094637214943758
145,CWS,Chicago White Sox,240,2.1160243713524767,0.008816768213968653,5.195847026259605,0.6645716729121549,1.4259885075922085,0.8617008159586672,1.2543235553938092
109,AZ,Arizona Diamondbacks,248,2.108097642533637,0.008500393719893697,5.501340210254703,0.667629210281866,1.463216201092639,1.1334140130916426,0.974683629441994
118,KC,Kansas City Royals,255,2.105045701448561,0.00825508118215122,5.586273964845406,0.6434486168199025,1.3294366773115516,0.7762149720719637,1.3288307293765975
112,CHC,Chicago Cubs,246,2.0061358564476777,0.008155023806697876,5.523507406090821,0.6412623419579364,1.320869494994231,0.7534074971464937,1.252728359301184
116,DET,Detroit Tigers,254,2.0003321635631273,0.00787532347859499,4.947489767217668,0.6758660105783935,1.468492703618113,0.9569999910813989,1.0433321724817284
115,COL,Colorado Rockies,234,1.977447964986492,0.008450632329002103,4.939464677989746,0.6597533599092755,1.4188659993742623,0.9564027872775623,1.0210451777089296
147,NYY,New York Yankees,209,1.9469455540626,0.009315528966806699,4.811976989321693,0.6552752890453385,1.3630600118039649,0.9194225594259087,1.0275229946366913
139,TB,Tampa Bay Rays,216,1.9438323804413544,0.008999223983524788,4.992205344522458,0.6672282879953951,1.4879896317602603,1.1640985632538474,0.779733817187507
140,TEX,Texas Rangers,233,1.9312761347217144,0.008288738775629675,5.092844147592083,0.6508354917508532,1.3886709453986201,0.9180345464522995,1.013241588269415
146,MIA,Miami Marlins,254,1.9127816636418118,0.0075306364710307555,5.203295185561021,0.6515615890280196,1.359278429271764,1.0814053906016345,0.8313762730401774
142,MIN,Minnesota Twins,232,1.828186080173006,0.00788011241453882,4.790601207303908,0.6576611890796061,1.3879693648846285,0.7837658516327786,1.0444202285402275
117,HOU,Houston Astros,242,1.6590687146069678,0.006855655845483338,4.648829368118517,0.6505953690427011,1.3635622962109766,0.8057427632189633,0.8533259513880046
